Rk,Player,From,To,Yrs,G,MP,FG,FGA,3P,3PA,FT,FTA,ORB,TRB,AST,STL,BLK,TOV,PF,PTS,FG%,3P%,FT%,Minute_play_per_game,Points_per_game,Total_rebound_per_game,Assist_per_game
1,Mark Acres,1993,1993,1,12,246,24,40,0.0,0.0,10,14,24.0,61,5,3.0,6.0,11.0,32,58,0.6,,0.714,20.5,4.8,5.1,0.4
2,Michael Adams,1987,1994,4,281,8934,1295,3155,276.0,891.0,879,1031,185.0,856,1844,426.0,25.0,635.0,536,3745,0.41,0.31,0.853,31.8,13.3,3.0,6.6
3,Mark Alarie,1988,1991,4,261,4390,820,1741,32.0,126.0,257,317,365.0,906,289,110.0,81.0,253.0,574,1929,0.471,0.254,0.811,16.8,7.4,3.5,1.1
4,Courtney Alexander,2001,2002,2,83,2235,400,869,19.0,54.0,188,226,65.0,228,127,64.0,9.0,114.0,176,1007,0.46,0.352,0.832,26.9,12.1,2.7,1.5
5,Morris Almond,2012,2012,1,4,67,6,17,1.0,3.0,1,3,1.0,8,2,7.0,0.0,1.0,6,14,0.353,0.333,0.333,16.8,3.5,2.0,0.5
6,Ashraf Amaya,1997,1997,1,31,144,12,40,1.0,1.0,15,28,19.0,52,3,7.0,3.0,10.0,29,40,0.3,1.0,0.536,4.6,1.3,1.7,0.1
7,Alan Anderson,2016,2016,1,13,192,21,59,12.0,37.0,11,15,1.0,27,14,4.0,1.0,2.0,25,65,0.356,0.324,0.733,14.8,5.0,2.1,1.1
8,Ron Anderson,1994,1994,1,10,180,20,43,3.0,14.0,9,11,8.0,27,11,3.0,1.0,9.0,7,52,0.465,0.214,0.818,18.0,5.2,2.7,1.1
9,Gilbert Arenas,2004,2011,8,357,14049,2874,6818,868.0,2430.0,2314,2860,288.0,1513,2046,636.0,96.0,1239.0,1161,8930,0.422,0.357,0.809,39.4,25.0,4.2,5.7
10,Trevor Ariza,2013,2019,3,176,5659,785,1813,351.0,946.0,321,409,177.0,967,469,251.0,53.0,283.0,337,2242,0.433,0.371,0.785,32.2,12.7,5.5,2.7
11,Hilton Armstrong,2011,2011,1,41,412,31,64,1.0,3.0,14,23,39.0,114,10,15.0,16.0,25.0,75,77,0.484,0.333,0.609,10.0,1.9,2.8,0.2
12,Chucky Atkins,2006,2006,1,28,552,66,174,33.0,92.0,22,31,12.0,45,69,14.0,0.0,30.0,58,187,0.379,0.359,0.71,19.7,6.7,1.6,2.5
13,Isaac Austin,2000,2000,1,59,1173,151,352,1.0,4.0,94,137,64.0,282,74,17.0,38.0,107.0,128,397,0.429,0.25,0.686,19.9,6.7,4.8,1.3
14,Johnny Austin,1967,1967,1,4,61,5,22,,,13,16,,7,4,,,,12,23,0.227,,0.813,15.3,5.8,1.8,1.0
15,Deni Avdija,2021,2024,4,230,5746,723,1638,224.0,709.0,281,379,173.0,1271,506,173.0,93.0,270.0,582,1951,0.441,0.316,0.741,25.0,8.5,5.5,2.2
16,Joel Ayayi,2022,2022,1,7,20,1,6,0.0,1.0,0,0,1.0,3,4,0.0,0.0,0.0,0,2,0.167,0.0,,2.9,0.3,0.4,0.6
17,Gus Bailey,1980,1980,1,20,180,16,35,1.0,1.0,5,13,6.0,28,26,7.0,4.0,11.0,18,38,0.457,1.0,0.385,9.0,1.9,1.4,1.3
18,Ron Baker,2019,2019,1,4,45,0,4,0.0,4.0,0,0,0.0,4,2,1.0,1.0,2.0,2,0,0.0,0.0,,11.3,0.0,1.0,0.5
19,Patrick Baldwin Jr.,2024,2024,1,3,11,0,2,0.0,1.0,0,0,0.0,1,1,0.0,0.0,0.0,1,0,0.0,0.0,,3.7,0.0,0.3,0.3
20,Greg Ballard,1978,1985,8,643,18687,3699,7800,61.0,199.0,1247,1584,1201.0,4094,1542,762.0,233.0,935.0,1463,8706,0.474,,0.787,29.1,13.5,6.4,2.4
21,Jim Barnes,1966,1971,2,77,2028,323,756,,,189,279,,699,93,,,,273,835,0.427,,0.677,26.3,10.8,9.1,1.2
22,John Barnhill,1967,1969,2,83,1718,263,622,,,105,168,,210,207,,,,143,631,0.423,,0.625,20.7,7.6,2.5,2.5
23,Earl Barron,2013,2013,1,11,122,13,37,0.0,0.0,2,5,16.0,43,3,5.0,5.0,10.0,23,28,0.351,,0.4,11.1,2.5,3.9,0.3
24,Will Barton,2023,2023,1,40,782,110,285,52.0,138.0,35,45,10.0,111,95,17.0,10.0,45.0,39,307,0.386,0.377,0.778,19.6,7.7,2.8,2.4
25,Billy Ray Bates,1983,1983,1,15,277,53,129,2.0,5.0,10,20,10.0,18,14,13.0,3.0,12.0,18,118,0.411,0.4,0.5,18.5,7.9,1.2,0.9
26,Dave Batton,1983,1983,1,54,558,85,191,0.0,3.0,8,17,45.0,119,29,15.0,13.0,28.0,56,178,0.445,0.0,0.471,10.3,3.3,2.2,0.5
27,Lonny Baxter,2004,2004,1,12,132,16,32,0.0,1.0,9,12,11.0,31,5,2.0,5.0,5.0,23,41,0.5,0.0,0.75,11.0,3.4,2.6,0.4
28,Bradley Beal,2013,2023,11,695,24091,5624,12235,1514.0,4070.0,2629,3196,601.0,2837,2972,772.0,284.0,1708.0,1542,15391,0.46,0.372,0.823,34.7,22.1,4.1,4.3
29,Ron Behagen,1980,1980,1,6,64,9,23,0.0,0.0,5,6,6.0,14,7,0.0,4.0,4.0,14,23,0.391,,0.833,10.7,3.8,2.3,1.2
30,Jordan Bell,2021,2021,1,5,67,7,20,0.0,2.0,0,0,6.0,19,5,3.0,3.0,3.0,5,14,0.35,0.0,,13.4,2.8,3.8,1.0
31,Walt Bellamy,1962,1966,5,327,13613,3413,6617,,,2194,3318,,5438,778,,,,1156,9020,0.516,,0.661,41.6,27.6,16.6,2.4
32,Dāvis Bertāns,2020,2022,3,145,3548,518,1259,415.0,1044.0,232,267,59.0,474,157,81.0,52.0,106.0,330,1683,0.411,0.398,0.869,24.5,11.6,3.3,1.1
33,Mike Bibby,2011,2011,1,2,29,1,9,0.0,4.0,0,0,0.0,3,8,1.0,0.0,1.0,3,2,0.111,0.0,,14.5,1.0,1.5,4.0
34,Dave Bing,1976,1977,2,146,4461,768,1710,,,468,598,148.0,380,767,179.0,28.0,,412,2004,0.449,,0.783,30.6,13.7,2.6,5.3
35,DeJuan Blair,2015,2016,2,58,398,54,125,0.0,1.0,9,19,36.0,113,14,15.0,3.0,28.0,94,117,0.432,0.0,0.474,6.9,2.0,1.9,0.2
36,Steve Blake,2004,2005,2,119,2040,218,593,111.0,295.0,88,108,36.0,188,278,70.0,7.0,167.0,147,635,0.368,0.376,0.815,17.1,5.3,1.6,2.3
37,Andray Blatche,2006,2012,7,409,9289,1660,3631,34.0,143.0,688,943,762.0,2217,601,331.0,366.0,681.0,1053,4042,0.457,0.238,0.73,22.7,9.9,5.4,1.5
38,Bojan Bogdanović,2017,2017,1,26,601,107,234,45.0,115.0,71,76,14.0,80,21,10.0,4.0,38.0,47,330,0.457,0.391,0.934,23.1,12.7,3.1,0.8
39,Muggsy Bogues,1988,1988,1,79,1628,166,426,3.0,16.0,58,74,35.0,136,404,127.0,3.0,101.0,138,393,0.39,0.188,0.784,20.6,5.0,1.7,5.1
40,Etdrick Bohannon,1999,1999,1,2,4,0,0,0.0,0.0,0,0,0.0,0,0,0.0,0.0,0.0,0,0,,,,2.0,0.0,0.0,0.0
41,Manute Bol,1986,1994,4,241,4784,306,674,0.0,3.0,113,202,279.0,1115,48,59.0,908.0,161.0,605,725,0.454,0.0,0.559,19.9,3.0,4.6,0.2
42,George Bon Salle,1962,1962,1,3,9,2,8,,,0,0,,2,0,,,,0,4,0.25,,,3.0,1.3,0.7,0.0
43,Isaac Bonga,2020,2021,2,106,1682,148,315,38.0,118.0,74,93,89.0,288,99,56.0,31.0,80.0,219,408,0.47,0.322,0.796,15.9,3.8,2.7,0.9
44,Trevor Booker,2011,2014,4,235,4764,650,1217,1.0,10.0,211,342,464.0,1194,179,150.0,146.0,185.0,479,1512,0.534,0.1,0.617,20.3,6.4,5.1,0.8
45,Calvin Booth,2000,2007,4,128,1413,141,327,2.0,4.0,54,78,114.0,339,60,33.0,133.0,59.0,229,338,0.431,0.5,0.692,11.0,2.6,2.6,0.5
46,Lawrence Boston,1980,1980,1,13,125,24,52,0.0,0.0,8,13,19.0,39,2,4.0,2.0,8.0,25,56,0.462,,0.615,9.6,4.3,3.0,0.2
47,Jamaree Bouyea,2023,2023,1,1,6,0,1,0.0,1.0,0,0,0.0,1,0,0.0,0.0,0.0,1,0,0.0,0.0,,6.0,0.0,1.0,0.0
48,Earl Boykins,2010,2010,1,67,1117,172,403,19.0,60.0,77,89,17.0,75,171,24.0,3.0,69.0,48,440,0.427,0.317,0.865,16.7,6.6,1.1,2.6
49,Gary Bradds,1965,1966,2,44,350,48,117,,,48,67,,92,20,,,,37,144,0.41,,0.716,8.0,3.3,2.1,0.5
50,Dudley Bradley,1985,1986,2,143,2074,215,508,37.0,132.0,86,135,58.0,229,280,181.0,24.0,128.0,253,553,0.423,0.28,0.637,14.5,3.9,1.6,2.0
51,Torraye Braggs,2004,2004,1,4,22,3,5,0.0,0.0,0,0,3.0,5,1,0.0,0.0,1.0,8,6,0.6,,,5.5,1.5,1.3,0.3
52,Dave Britton,1981,1981,1,2,9,2,3,0.0,0.0,0,0,0.0,2,3,1.0,0.0,2.0,2,4,0.667,,,4.5,2.0,1.0,1.5
53,Damone Brown,2005,2005,1,14,152,23,62,4.0,11.0,4,9,10.0,28,14,1.0,6.0,15.0,17,54,0.371,0.364,0.444,10.9,3.9,2.0,1.0
54,Dee Brown,2009,2009,1,17,233,17,44,6.0,20.0,1,3,7.0,28,33,10.0,0.0,14.0,22,41,0.386,0.3,0.333,13.7,2.4,1.6,1.9
55,Kwame Brown,2002,2005,4,253,5737,715,1571,1.0,6.0,517,779,441.0,1380,252,157.0,173.0,360.0,520,1948,0.455,0.167,0.664,22.7,7.7,5.5,1.0
56,Lewis Brown,1981,1981,1,2,5,0,3,0.0,0.0,2,5,1.0,2,0,0.0,0.0,1.0,2,2,0.0,,0.4,2.5,1.0,1.0,0.0
57,Troy Brown Jr.,2019,2021,3,142,2799,403,945,97.0,294.0,151,201,122.0,589,277,109.0,16.0,125.0,217,1054,0.426,0.33,0.751,19.7,7.4,4.1,2.0
58,Thomas Bryant,2019,2022,4,155,3353,688,1159,91.0,253.0,244,317,255.0,954,213,60.0,145.0,143.0,303,1711,0.594,0.36,0.77,21.6,11.0,6.2,1.4
59,Trey Burke,2017,2017,1,57,703,116,255,31.0,70.0,22,29,7.0,47,100,11.0,5.0,48.0,54,285,0.455,0.443,0.759,12.3,5.0,0.8,1.8
60,Steve Burtt,1993,1993,1,4,35,10,26,1.0,3.0,8,10,2.0,3,6,2.0,0.0,4.0,5,29,0.385,0.333,0.8,8.8,7.3,0.8,1.5
61,Al Butler,1965,1965,1,25,172,24,73,,,11,15,,21,12,,,,25,59,0.329,,0.733,6.9,2.4,0.8,0.5
62,Caron Butler,2006,2010,5,310,11934,2168,4783,215.0,682.0,1338,1535,540.0,2051,1100,563.0,90.0,829.0,877,5889,0.453,0.315,0.872,38.5,19.0,6.6,3.5
63,Jared Butler,2024,2024,1,7,36,7,15,3.0,9.0,3,3,0.0,3,9,4.0,1.0,3.0,5,20,0.467,0.333,1.0,5.1,2.9,0.4,1.3
64,Mitchell Butler,1994,2004,4,253,4285,563,1279,70.0,236.0,290,472,202.0,584,267,178.0,46.0,284.0,444,1486,0.44,0.297,0.614,16.9,5.9,2.3,1.1
65,Rasual Butler,2015,2015,1,75,1505,218,517,91.0,235.0,53,67,27.0,197,63,29.0,22.0,48.0,98,580,0.422,0.387,0.791,20.1,7.7,2.6,0.8
66,Will Bynum,2015,2015,1,7,67,10,31,0.0,9.0,2,4,2.0,6,18,1.0,1.0,8.0,9,22,0.323,0.0,0.5,9.6,3.1,0.9,2.6
67,Barney Cable,1962,1964,3,105,2164,264,671,,,91,134,,493,119,,,,270,619,0.393,,0.679,20.6,5.9,4.7,1.1
68,Kentavious Caldwell-Pope,2022,2022,1,77,2329,361,829,159.0,408.0,137,154,41.0,261,145,83.0,26.0,97.0,139,1018,0.435,0.39,0.89,30.2,13.2,3.4,1.9
69,Brian Cardinal,2003,2003,1,5,15,1,4,0.0,1.0,2,2,3.0,5,1,0.0,0.0,1.0,0,4,0.25,0.0,1.0,3.0,0.8,1.0,0.2
70,Vernon Carey Jr.,2022,2023,2,14,55,6,15,0.0,0.0,6,12,8.0,18,3,3.0,3.0,4.0,8,18,0.4,,0.5,3.9,1.3,1.3,0.2
71,Howie Carl,1962,1962,1,31,382,67,201,,,36,51,,39,57,,,,41,170,0.333,,0.706,12.3,5.5,1.3,1.8
72,Austin Carr,1981,1981,1,39,580,80,206,0.0,7.0,32,50,18.0,52,49,14.0,2.0,32.0,43,192,0.388,0.0,0.64,14.9,4.9,1.3,1.3
73,Fred Carter,1970,1972,3,155,2994,503,1281,,,202,308,,462,298,,,,309,1208,0.393,,0.656,19.3,7.8,3.0,1.9
74,Terry Catledge,1987,1989,3,227,5836,1043,2101,1.0,11.0,506,824,658.0,1529,194,122.0,48.0,366.0,617,2593,0.496,0.091,0.614,25.7,11.4,6.7,0.9
75,Rex Chapman,1992,1995,4,166,4815,977,2118,193.0,557.0,437,528,100.0,351,432,165.0,33.0,261.0,291,2584,0.461,0.346,0.828,29.0,15.6,2.1,2.6
76,Calbert Cheaney,1994,1999,6,424,13097,2254,4856,176.0,580.0,715,1007,445.0,1483,817,422.0,119.0,628.0,1204,5399,0.464,0.303,0.71,30.9,12.7,3.5,1.9
77,Phil Chenier,1972,1980,9,546,18654,4057,9103,3.0,6.0,1661,2059,356.0,2020,1688,667.0,228.0,127.0,1104,9778,0.446,,0.807,34.2,17.9,3.7,3.1
78,Chris Chiozza,2020,2020,1,10,123,10,34,7.0,16.0,0,0,0.0,15,28,10.0,2.0,9.0,12,27,0.294,0.438,,12.3,2.7,1.5,2.8
79,Jim Chones,1982,1982,1,59,867,74,171,0.0,0.0,36,46,39.0,185,64,15.0,32.0,41.0,114,184,0.433,,0.783,14.7,3.1,3.1,1.1
80,Archie Clark,1972,1974,3,171,6506,1318,2771,,,721,924,44.0,535,1166,59.0,6.0,,424,3357,0.476,,0.78,38.0,19.6,3.1,6.8
81,Jim Cleamons,1980,1980,1,57,1535,184,381,4.0,23.0,72,98,43.0,133,248,44.0,9.0,92.0,120,444,0.483,0.174,0.735,26.9,7.8,2.3,4.4
82,John Coker,1999,1999,1,14,98,13,31,0.0,0.0,5,6,7.0,22,0,1.0,2.0,2.0,17,31,0.419,,0.833,7.0,2.2,1.6,0.0
83,Don Collins,1981,1985,4,189,3936,808,1603,1.0,21.0,304,424,260.0,506,362,218.0,72.0,356.0,459,1921,0.504,0.048,0.717,20.8,10.2,2.7,1.9
84,Jason Collins,2013,2013,1,6,54,1,6,0.0,0.0,2,2,1.0,8,2,2.0,4.0,2.0,11,4,0.167,,1.0,9.0,0.7,1.3,0.3
85,Steve Colter,1988,1990,3,209,3763,533,1155,6.0,40.0,270,348,168.0,513,608,172.0,38.0,179.0,368,1342,0.461,0.15,0.776,18.0,6.4,2.5,2.9
86,Larry Comley,1964,1964,1,12,89,8,37,,,9,16,,19,12,,,,11,25,0.216,,0.563,7.4,2.1,1.6,1.0
87,Marty Conlon,1994,1994,1,14,201,29,56,0.0,1.0,12,15,19.0,50,6,4.0,1.0,10.0,33,70,0.518,0.0,0.8,14.4,5.0,3.6,0.4
88,Brian Cook,2012,2012,1,16,155,20,49,5.0,23.0,5,6,6.0,40,8,4.0,1.0,7.0,22,50,0.408,0.217,0.833,9.7,3.1,2.5,0.5
89,Darwin Cook,1987,1987,1,82,1420,265,622,2.0,23.0,82,103,46.0,145,151,98.0,17.0,96.0,136,614,0.426,0.087,0.796,17.3,7.5,1.8,1.8
90,Xavier Cooks,2023,2023,1,10,126,17,28,0.0,1.0,4,10,16.0,38,6,6.0,4.0,8.0,13,38,0.607,0.0,0.4,12.6,3.8,3.8,0.6
91,Joe Cooper,1983,1983,1,5,47,5,9,0.0,0.0,5,9,4.0,13,2,0.0,0.0,6.0,7,15,0.556,,0.556,9.4,3.0,2.6,0.4
92,Chris Corchiani,1993,1993,1,1,3,1,1,0.0,0.0,0,0,0.0,0,0,0.0,0.0,0.0,1,2,1.0,,,3.0,2.0,0.0,0.0
93,Dave Corzine,1979,1980,2,137,1358,153,334,0.0,0.0,94,131,156.0,417,112,19.0,45.0,113.0,187,400,0.458,,0.718,9.9,2.9,3.0,0.8
94,Bilal Coulibaly,2024,2024,1,17,442,50,101,20.0,46.0,16,24,7.0,63,29,16.0,13.0,24.0,32,136,0.495,0.435,0.667,26.0,8.0,3.7,1.7
95,Mel Counts,1967,1967,1,25,343,65,167,,,29,40,,155,30,,,,81,159,0.389,,0.725,13.7,6.4,6.2,1.2
96,Chubby Cox,1983,1983,1,7,78,13,37,0.0,2.0,3,6,7.0,10,6,0.0,1.0,9.0,16,29,0.351,0.0,0.5,11.1,4.1,1.4,0.9
97,Johnny Cox,1963,1963,1,73,1685,239,568,,,95,135,,280,142,,,,149,573,0.421,,0.704,23.1,7.8,3.8,1.9
98,Jordan Crawford,2011,2013,3,133,3747,725,1803,162.0,545.0,317,387,97.0,380,449,122.0,13.0,306.0,222,1929,0.402,0.297,0.819,28.2,14.5,2.9,3.4
99,Javaris Crittenton,2009,2009,1,56,1130,124,270,2.0,14.0,48,81,53.0,160,145,39.0,6.0,79.0,96,298,0.459,0.143,0.593,20.2,5.3,2.9,2.6
100,Michael Curry,1996,1996,1,5,34,3,10,0.0,3.0,4,4,2.0,5,1,1.0,0.0,1.0,3,10,0.3,0.0,1.0,6.8,2.0,1.0,0.2
101,Bob Dandridge,1978,1981,4,221,7408,1619,3416,2.0,12.0,812,1011,328.0,1218,890,217.0,146.0,619.0,687,4052,0.474,,0.803,33.5,18.3,5.5,4.0
102,Antonio Daniels,2006,2009,4,244,6493,625,1431,64.0,249.0,687,838,60.0,548,961,167.0,19.0,262.0,267,2001,0.437,0.257,0.82,26.6,8.2,2.2,3.9
103,Charles Davis,1982,1985,4,178,2231,444,946,3.0,21.0,113,169,173.0,453,135,57.0,45.0,172.0,272,1004,0.469,0.143,0.669,12.5,5.6,2.5,0.8
104,Hubert Davis,2001,2002,2,66,1662,203,445,77.0,164.0,35,42,17.0,107,156,34.0,3.0,69.0,87,518,0.456,0.47,0.833,25.2,7.8,1.6,2.4
105,Johnny Davis,2023,2024,2,41,545,85,209,18.0,73.0,18,32,17.0,83,33,17.0,9.0,22.0,57,206,0.407,0.247,0.563,13.3,5.0,2.0,0.8
106,Mike Davis,1970,1973,2,69,1613,310,704,,,172,217,,163,130,,,,219,792,0.44,,0.793,23.4,11.5,2.4,1.9
107,Paul Davis,2010,2010,1,2,8,2,4,0.0,0.0,1,2,0.0,0,3,0.0,1.0,0.0,0,5,0.5,,0.5,4.0,2.5,0.0,1.5
108,Ralph Davis,1962,1962,1,77,1992,364,881,,,71,103,,162,247,,,,187,799,0.413,,0.689,25.9,10.4,2.1,3.2
109,Terry Davis,1998,1999,2,111,2283,176,348,0.0,1.0,97,157,259.0,619,40,52.0,27.0,72.0,272,449,0.506,0.0,0.618,20.6,4.0,5.6,0.4
110,Darren Daye,1984,1986,3,219,3822,636,1311,2.0,16.0,432,619,254.0,643,525,137.0,42.0,328.0,439,1706,0.485,0.125,0.698,17.5,7.8,2.9,2.4
111,Archie Dees,1962,1962,1,13,217,38,87,,,27,35,,58,12,,,,22,103,0.437,,0.771,16.7,7.9,4.5,0.9
112,Sam Dekker,2019,2019,1,38,619,98,208,14.0,49.0,20,36,44.0,115,37,27.0,7.0,19.0,34,230,0.471,0.286,0.556,16.3,6.1,3.0,1.0
113,Spencer Dinwiddie,2022,2022,1,44,1330,185,492,70.0,226.0,116,143,36.0,207,256,27.0,7.0,73.0,107,556,0.376,0.31,0.811,30.2,12.6,4.7,5.8
114,Terry Dischinger,1963,1964,2,137,5110,1129,2243,,,856,1107,,1125,332,,,,509,3114,0.503,,0.773,37.3,22.7,8.2,2.4
115,Juan Dixon,2003,2009,4,226,3995,638,1611,157.0,504.0,269,321,83.0,406,406,186.0,17.0,284.0,337,1702,0.396,0.312,0.838,17.7,7.5,1.8,1.8
116,Devon Dotson,2023,2023,1,6,53,1,10,1.0,4.0,0,0,6.0,10,8,5.0,0.0,3.0,9,3,0.1,0.25,,8.8,0.5,1.7,1.3
117,Terry Driscoll,1972,1973,2,41,318,40,105,,,27,39,,112,23,,,,54,107,0.381,,0.692,7.8,2.6,2.7,0.6
118,Kevin Duckworth,1994,1995,2,109,2303,302,708,2.0,10.0,133,202,168.0,520,76,58.0,59.0,160.0,333,739,0.427,0.2,0.658,21.1,6.8,4.8,0.7
119,Jared Dudley,2016,2016,1,81,2098,233,487,100.0,238.0,72,98,54.0,286,170,75.0,18.0,80.0,190,638,0.478,0.42,0.735,25.9,7.9,3.5,2.1
120,Dennis DuVal,1975,1975,1,37,137,24,65,,,12,18,8.0,23,14,16.0,2.0,,34,60,0.369,,0.667,3.7,1.6,0.6,0.4
121,Ledell Eackles,1989,1998,6,387,8019,1667,3745,119.0,367.0,935,1212,329.0,884,668,230.0,29.0,547.0,706,4388,0.445,0.324,0.771,20.7,11.3,2.3,1.7
122,Jaime Echenique,2022,2022,1,1,3,0,0,0.0,0.0,0,0,0.0,0,0,0.0,0.0,0.0,0,0,,,,3.0,0.0,0.0,0.0
123,Jarell Eddie,2016,2016,1,26,147,20,65,15.0,47.0,8,8,2.0,23,5,5.0,1.0,1.0,5,63,0.308,0.319,1.0,5.7,2.4,0.9,0.2
124,Johnny Egan,1966,1968,3,207,4259,684,1597,,,493,619,,473,668,,,,480,1861,0.428,,0.796,20.6,9.0,2.3,3.2
125,Obinna Ekezie,2001,2001,1,29,273,32,77,0.0,0.0,37,53,31.0,76,9,5.0,5.0,14.0,46,101,0.416,,0.698,9.4,3.5,2.6,0.3
126,Leroy Ellis,1967,1970,4,311,8423,1299,2907,,,621,843,,2718,448,,,,811,3219,0.447,,0.737,27.1,10.4,8.7,1.4
127,Pervis Ellison,1991,1994,4,238,7332,1351,2597,1.0,16.0,606,865,656.0,2000,479,181.0,492.0,525.0,784,3309,0.52,0.063,0.701,30.8,13.9,8.4,2.0
128,A.J. English,1991,1992,2,151,3108,617,1418,9.0,65.0,259,333,140.0,315,320,57.0,24.0,203.0,287,1502,0.435,0.138,0.778,20.6,9.9,2.1,2.1
129,Maurice Evans,2011,2012,2,50,1055,143,335,44.0,123.0,38,43,37.0,96,24,32.0,9.0,28.0,91,368,0.427,0.358,0.884,21.1,7.4,1.9,0.5
130,Dave Feitl,1989,1989,1,57,828,116,266,0.0,1.0,54,65,69.0,202,36,17.0,18.0,65.0,136,286,0.436,0.0,0.831,14.5,5.0,3.5,0.6
131,Al Ferrari,1963,1963,1,18,138,12,37,,,14,17,,12,14,,,,21,38,0.324,,0.824,7.7,2.1,0.7,0.8
132,Bob Ferry,1965,1969,5,260,4377,596,1435,,,373,589,,1142,328,,,,482,1565,0.415,,0.633,16.8,6.0,4.4,1.3
133,Matt Fish,1997,1997,1,5,7,1,3,0.0,0.0,0,0,1.0,5,0,0.0,0.0,2.0,2,2,0.333,,,1.4,0.4,1.0,0.0
134,Greg Foster,1991,1993,3,113,1247,197,429,0.0,6.0,79,113,103.0,323,83,18.0,39.0,90.0,212,473,0.459,0.0,0.699,11.0,4.2,2.9,0.7
135,Randy Foye,2010,2010,1,70,1667,256,619,63.0,182.0,129,145,16.0,130,228,33.0,10.0,94.0,123,704,0.414,0.346,0.89,23.8,10.1,1.9,3.3
136,Tim Frazier,2018,2018,1,59,838,68,172,17.0,56.0,23,30,18.0,115,194,47.0,7.0,57.0,97,176,0.395,0.304,0.767,14.2,3.0,1.9,3.3
137,Daniel Gafford,2021,2024,4,189,3856,732,1035,0.0,1.0,300,439,409.0,1086,188,89.0,271.0,188.0,454,1764,0.707,0.0,0.683,20.4,9.3,5.7,1.0
138,Danilo Gallinari,2024,2024,1,16,246,43,92,13.0,41.0,30,37,9.0,48,24,3.0,3.0,7.0,16,129,0.467,0.317,0.811,15.4,8.1,3.0,1.5
139,Andrew Gaze,1994,1994,1,7,70,8,17,4.0,8.0,2,2,1.0,7,5,2.0,1.0,3.0,9,22,0.471,0.5,1.0,10.0,3.1,1.0,0.7
140,Alonzo Gee,2010,2011,2,22,309,40,86,7.0,11.0,26,41,26.0,55,12,14.0,1.0,18.0,23,113,0.465,0.636,0.634,14.0,5.1,2.5,0.5
141,Dick Gibbs,1975,1975,1,59,424,74,190,,,48,64,26.0,61,19,12.0,3.0,,60,196,0.389,,0.75,7.2,3.3,1.0,0.3
142,Mike Gibson,1984,1984,1,32,229,21,55,0.0,0.0,11,17,29.0,66,9,5.0,7.0,14.0,30,53,0.382,,0.647,7.2,1.7,2.1,0.3
143,Taj Gibson,2023,2023,1,49,480,65,125,8.0,24.0,30,42,32.0,93,34,15.0,12.0,26.0,84,168,0.52,0.333,0.714,9.8,3.4,1.9,0.7
144,Anthony Gill,2021,2024,4,140,1373,173,321,25.0,82.0,114,147,90.0,248,77,25.0,30.0,48.0,160,485,0.539,0.305,0.776,9.8,3.5,1.8,0.6
145,Anthony Goldwire,2003,2003,1,5,34,4,7,1.0,1.0,4,5,0.0,3,1,0.0,0.0,4.0,1,13,0.571,1.0,0.8,6.8,2.6,0.6,0.2
146,Drew Gooden,2014,2016,3,103,1564,219,522,37.0,117.0,67,85,137.0,422,77,39.0,27.0,58.0,184,542,0.42,0.316,0.788,15.2,5.3,4.1,0.7
147,Jordan Goodwin,2022,2023,2,64,1112,158,356,38.0,119.0,53,69,57.0,206,168,58.0,26.0,57.0,96,407,0.444,0.319,0.768,17.4,6.4,3.2,2.6
148,Marcin Gortat,2014,2018,5,402,11995,2007,3613,1.0,7.0,639,933,1023.0,3697,613,217.0,449.0,565.0,973,4654,0.555,0.143,0.685,29.8,11.6,9.2,1.5
149,Joe Graboski,1962,1962,1,12,117,25,71,,,17,26,,40,6,,,,14,67,0.352,,0.654,9.8,5.6,3.3,0.5
150,Greg Grant,1996,1996,1,10,138,11,28,2.0,10.0,0,0,1.0,6,23,8.0,0.0,10.0,8,24,0.393,0.2,,13.8,2.4,0.6,2.3
151,Harvey Grant,1989,1998,7,508,13435,2327,4896,33.0,137.0,758,1032,805.0,2330,896,393.0,267.0,493.0,1180,5445,0.475,0.241,0.734,26.4,10.7,4.6,1.8
152,Jerian Grant,2020,2020,1,6,80,10,27,2.0,8.0,5,7,2.0,6,9,1.0,1.0,3.0,11,27,0.37,0.25,0.714,13.3,4.5,1.0,1.5
153,Leonard Gray,1977,1977,1,58,996,144,330,,,59,80,61.0,186,69,31.0,18.0,,189,347,0.436,,0.738,17.2,6.0,3.2,1.2
154,Jeff Green,2019,2019,1,77,2097,326,687,111.0,320.0,183,206,57.0,309,137,43.0,39.0,101.0,160,946,0.475,0.347,0.888,27.2,12.3,4.0,1.8
155,Johnny Green,1966,1967,2,133,2385,518,1026,,,283,564,,965,153,,,,301,1319,0.505,,0.502,17.9,9.9,7.3,1.2
156,Kenny Green,1986,1986,1,20,221,44,101,0.0,1.0,21,26,17.0,38,3,4.0,7.0,17.0,26,109,0.436,0.0,0.808,11.1,5.5,1.9,0.2
157,Si Green,1962,1965,4,275,7915,1062,2644,,,694,1028,,1136,1059,,,,821,2818,0.402,,0.675,28.8,10.2,4.1,3.9
158,Claude Gregory,1986,1986,1,2,2,1,2,0.0,0.0,0,0,2.0,2,0,1.0,0.0,2.0,1,2,0.5,,,1.0,1.0,1.0,0.0
159,Kevin Grevey,1976,1983,8,530,13141,2547,5851,122.0,348.0,1226,1510,533.0,1410,1078,335.0,106.0,648.0,1106,6442,0.435,,0.812,24.8,12.2,2.7,2.0
160,Tom Gugliotta,1993,1995,3,165,5816,1057,2377,82.0,291.0,420,625,424.0,1562,600,327.0,97.0,492.0,388,2616,0.445,0.282,0.672,35.2,15.9,9.5,3.6
161,Rui Hachimura,2020,2023,4,177,4912,909,1898,155.0,436.0,330,425,171.0,894,252,115.0,36.0,190.0,317,2303,0.479,0.356,0.776,27.8,13.0,5.1,1.4
162,Mike Hall,2007,2007,1,2,13,1,4,0.0,0.0,0,0,1.0,2,1,0.0,0.0,0.0,1,2,0.25,,,6.5,1.0,1.0,0.5
163,Darvin Ham,1998,1998,1,71,635,55,104,0.0,0.0,35,74,72.0,131,16,21.0,25.0,37.0,118,145,0.529,,0.473,8.9,2.0,1.8,0.2
164,Richard Hamilton,2000,2002,3,212,6095,1273,2938,84.0,265.0,680,789,186.0,583,503,141.0,30.0,417.0,481,3310,0.433,0.317,0.862,28.8,15.6,2.8,2.4
165,Tom Hammonds,1990,1992,3,168,2812,479,1031,0.0,6.0,170,259,168.0,559,130,48.0,34.0,158.0,324,1128,0.465,0.0,0.656,16.7,6.7,3.3,0.8
166,Charlie Hardnett,1963,1965,3,164,2474,433,1023,,,332,513,,930,103,,,,376,1198,0.423,,0.647,15.1,7.3,5.7,0.6
167,Montrezl Harrell,2022,2022,1,46,1117,247,383,4.0,15.0,149,205,96.0,309,96,18.0,31.0,50.0,88,647,0.645,0.267,0.727,24.3,14.1,6.7,2.1
168,Al Harrington,2014,2014,1,34,511,82,207,34.0,100.0,27,35,15.0,80,28,14.0,0.0,34.0,72,225,0.396,0.34,0.771,15.0,6.6,2.4,0.8
169,Mike Harris,2010,2010,1,5,14,1,3,0.0,0.0,2,2,1.0,4,0,1.0,0.0,0.0,4,4,0.333,,1.0,2.8,0.8,0.8,0.0
170,Clem Haskins,1975,1976,2,125,1439,263,559,,,107,128,41.0,134,152,46.0,14.0,,152,633,0.47,,0.836,11.5,5.1,1.1,1.2
171,Vern Hatton,1962,1962,1,15,396,45,146,,,52,69,,45,44,,,,23,142,0.308,,0.754,26.4,9.5,3.0,2.9
172,Elvin Hayes,1973,1981,9,731,29218,6251,13658,3.0,23.0,3046,4499,2225.0,9305,1294,736.0,1558.0,868.0,2557,15551,0.458,,0.677,40.0,21.3,12.7,1.8
173,Jarvis Hayes,2004,2007,4,226,5746,785,1954,165.0,484.0,272,330,173.0,777,303,184.0,34.0,250.0,462,2007,0.402,0.341,0.824,25.4,8.9,3.4,1.3
174,Brendan Haywood,2002,2010,9,579,14181,1669,3146,0.0,1.0,1122,1807,1604.0,3648,348,254.0,865.0,662.0,1570,4460,0.531,0.0,0.621,24.5,7.7,6.3,0.6
175,Spencer Haywood,1982,1983,2,114,2861,520,1141,0.0,4.0,282,347,221.0,605,94,57.0,95.0,242.0,343,1322,0.456,0.0,0.813,25.1,11.6,5.3,0.8
176,Brian Heaney,1970,1970,1,14,70,13,24,,,2,4,,4,6,,,,17,28,0.542,,0.5,5.0,2.0,0.3,0.4
177,Tom Henderson,1977,1979,3,186,5619,813,1798,,,442,580,142.0,471,1037,239.0,34.0,343.0,328,2068,0.452,,0.762,30.2,11.1,2.5,5.6
178,J.J. Hickson,2016,2016,1,15,131,25,46,0.0,1.0,19,44,17.0,45,7,5.0,2.0,9.0,12,69,0.543,0.0,0.432,8.7,4.6,3.0,0.5
179,Wayne Hightower,1965,1967,3,94,1716,226,668,,,208,283,,545,87,,,,232,660,0.338,,0.735,18.3,7.0,5.8,0.9
180,Nenê,2012,2016,5,249,6290,1168,2285,2.0,16.0,603,957,322.0,1388,569,245.0,145.0,475.0,697,2941,0.511,0.125,0.63,25.3,11.8,5.6,2.3
181,Gary Hill,1965,1965,1,3,15,0,1,,,0,0,,1,1,,,,1,0,0.0,,,5.0,0.0,0.3,0.3
182,Kirk Hinrich,2011,2011,1,48,1471,198,438,43.0,112.0,92,105,14.0,129,210,56.0,10.0,84.0,119,531,0.452,0.384,0.876,30.6,11.1,2.7,4.4
183,Paul Hogue,1964,1964,1,9,58,3,14,,,1,2,,16,1,,,,20,7,0.214,,0.5,6.4,0.8,1.8,0.1
184,Aaron Holiday,2022,2022,1,41,663,100,214,23.0,67.0,28,35,9.0,67,78,24.0,9.0,39.0,60,251,0.467,0.343,0.8,16.2,6.1,1.6,1.9
185,Brad Holland,1982,1982,1,13,185,27,73,0.0,3.0,3,4,6.0,13,16,11.0,1.0,7.0,12,57,0.37,0.0,0.75,14.2,4.4,1.0,1.2
186,Ryan Hollins,2016,2016,1,5,48,4,7,0.0,0.0,0,0,7.0,11,0,0.0,1.0,3.0,4,8,0.571,,,9.6,1.6,2.2,0.0
187,Tito Horford,1994,1994,1,3,28,0,2,0.0,0.0,0,0,1.0,3,0,1.0,3.0,1.0,3,0,0.0,,,9.3,0.0,1.0,0.0
188,Ed Horton,1990,1990,1,45,374,80,162,0.0,4.0,42,69,59.0,108,19,9.0,5.0,39.0,63,202,0.494,0.0,0.609,8.3,4.5,2.4,0.4
189,Danuel House Jr.,2017,2017,1,1,1,0,0,0.0,0.0,0,0,0.0,1,0,0.0,0.0,0.0,0,0,,,,1.0,0.0,1.0,0.0
190,Dwight Howard,2019,2019,1,9,230,43,69,0.0,0.0,29,48,24.0,83,4,7.0,4.0,16.0,34,115,0.623,,0.604,25.6,12.8,9.2,0.4
191,Josh Howard,2010,2011,2,22,500,78,208,10.0,40.0,44,67,22.0,87,28,16.0,7.0,23.0,47,210,0.375,0.25,0.657,22.7,9.5,4.0,1.3
192,Juwan Howard,1995,2001,7,464,17845,3476,7274,4.0,34.0,1574,2142,1078.0,3448,1552,449.0,156.0,1389.0,1604,8530,0.478,0.118,0.735,38.5,18.4,7.4,3.3
193,Bailey Howell,1965,1966,2,158,5303,996,2026,,,906,1180,,1642,363,,,,651,2898,0.492,,0.768,33.6,18.3,10.4,2.3
194,Lester Hudson,2011,2011,1,11,73,6,24,4.0,15.0,2,4,1.0,5,17,4.0,1.0,7.0,10,18,0.25,0.267,0.5,6.6,1.6,0.5,1.5
195,Jay Huff,2023,2023,1,7,95,15,25,6.0,12.0,15,16,6.0,21,10,3.0,4.0,5.0,15,51,0.6,0.5,0.938,13.6,7.3,3.0,1.4
196,Larry Hughes,2003,2005,3,189,6556,1214,2836,167.0,520.0,755,974,237.0,1016,638,357.0,68.0,441.0,464,3350,0.428,0.321,0.775,34.7,17.7,5.4,3.4
197,Kris Humphries,2015,2016,2,92,1811,275,604,23.0,74.0,116,148,144.0,531,73,37.0,39.0,66.0,172,689,0.455,0.311,0.784,19.7,7.5,5.8,0.8
198,Les Hunter,1965,1965,1,24,114,18,64,,,6,14,,50,11,,,,16,42,0.281,,0.429,4.8,1.8,2.1,0.5
199,Chandler Hutchison,2021,2021,1,18,282,34,85,7.0,19.0,19,23,5.0,58,13,11.0,5.0,15.0,24,94,0.4,0.368,0.826,15.7,5.2,3.2,0.7
200,Byron Irvin,1991,1993,2,37,361,69,147,2.0,6.0,53,67,26.0,49,26,16.0,2.0,20.0,37,193,0.469,0.333,0.791,9.8,5.2,1.3,0.7
201,Cedric Jackson,2010,2010,1,4,39,4,11,1.0,3.0,3,4,1.0,3,6,0.0,0.0,8.0,5,12,0.364,0.333,0.75,9.8,3.0,0.8,1.5
202,Jaren Jackson,1997,1997,1,75,1133,134,329,53.0,158.0,53,69,31.0,132,65,45.0,16.0,60.0,131,374,0.407,0.335,0.768,15.1,5.0,1.8,0.9
203,Quenton Jackson,2023,2023,1,9,135,19,42,1.0,12.0,17,22,2.0,8,15,4.0,1.0,4.0,10,56,0.452,0.083,0.773,15.0,6.2,0.9,1.7
204,Randell Jackson,1999,1999,1,27,271,46,108,1.0,7.0,21,32,30.0,54,8,3.0,11.0,26.0,29,114,0.426,0.143,0.656,10.0,4.2,2.0,0.3
205,Mike James,2009,2010,2,57,1621,195,509,68.0,186.0,71,88,25.0,129,198,45.0,6.0,96.0,104,529,0.383,0.366,0.807,28.4,9.3,2.3,3.5
206,Antawn Jamison,2005,2010,6,421,16307,3298,7380,646.0,1801.0,1494,2007,971.0,3735,773,469.0,132.0,658.0,1059,8736,0.447,0.359,0.744,38.7,20.8,8.9,1.8
207,Othyus Jeffers,2011,2011,1,16,314,30,62,1.0,4.0,30,46,25.0,65,19,17.0,0.0,13.0,31,91,0.484,0.25,0.652,19.6,5.7,4.1,1.2
208,Jared Jeffries,2003,2006,4,256,6163,597,1381,40.0,137.0,321,541,522.0,1235,408,180.0,118.0,341.0,669,1555,0.432,0.292,0.593,24.1,6.1,4.8,1.6
209,John Jenkins,2019,2019,1,4,14,2,2,2.0,2.0,0,0,0.0,1,1,0.0,0.0,0.0,0,6,1.0,1.0,,3.5,1.5,0.3,0.3
210,Brandon Jennings,2017,2017,1,23,374,29,106,11.0,52.0,12,17,8.0,44,108,15.0,0.0,22.0,32,81,0.274,0.212,0.706,16.3,3.5,1.9,4.7
211,Yi Jianlian,2011,2011,1,63,1112,145,347,3.0,13.0,62,91,79.0,248,25,27.0,32.0,51.0,115,355,0.418,0.231,0.681,17.7,5.6,3.9,0.4
212,Alize Johnson,2022,2022,1,3,18,2,6,0.0,2.0,0,1,5.0,12,0,0.0,0.0,3.0,0,4,0.333,0.0,0.0,6.0,1.3,4.0,0.0
213,Andy Johnson,1962,1962,1,71,2193,365,814,,,284,452,,351,228,,,,247,1014,0.448,,0.628,30.9,14.3,4.9,3.2
214,Buck Johnson,1993,1993,1,73,1287,193,403,0.0,3.0,92,126,78.0,195,89,36.0,18.0,70.0,187,478,0.479,0.0,0.73,17.6,6.5,2.7,1.2
215,Charles Johnson,1978,1979,2,121,2626,483,1132,,,109,130,90.0,295,259,126.0,7.0,137.0,237,1075,0.427,,0.838,21.7,8.9,2.4,2.1
216,Frank Johnson,1982,1988,7,382,10021,1568,3576,49.0,213.0,802,1065,217.0,751,1961,427.0,27.0,807.0,793,3987,0.438,0.23,0.753,26.2,10.4,2.0,5.1
217,George Johnson,1971,1971,1,24,337,41,100,,,11,30,,114,10,,,,63,93,0.41,,0.367,14.0,3.9,4.8,0.4
218,George Johnson,1986,1986,1,2,7,1,3,0.0,0.0,2,2,1.0,2,0,0.0,0.0,1.0,1,4,0.333,,1.0,3.5,2.0,1.0,0.0
219,Gus Johnson,1964,1972,9,560,19723,4057,9202,,,1667,2384,,7243,1510,,,,1982,9781,0.441,,0.699,35.2,17.5,12.9,2.7
220,Wesley Johnson,2019,2019,1,12,157,10,40,6.0,26.0,7,10,2.0,18,7,2.0,5.0,6.0,18,33,0.25,0.231,0.7,13.1,2.8,1.5,0.6
221,Anthony Jones,1987,1987,1,16,114,14,33,0.0,1.0,9,13,1.0,9,7,10.0,1.0,11.0,11,37,0.424,0.0,0.692,7.1,2.3,0.6,0.4
222,Charles Jones,1985,1993,9,595,12633,671,1390,0.0,5.0,346,547,974.0,2894,573,420.0,1051.0,464.0,1854,1688,0.483,0.0,0.633,21.2,2.8,4.9,1.0
223,Charles Jones,1989,1989,1,43,516,38,82,1.0,3.0,33,53,54.0,140,18,18.0,16.0,22.0,49,110,0.463,0.333,0.623,12.0,2.6,3.3,0.4
224,Jimmy Jones,1975,1977,3,140,2590,362,717,,,177,240,69.0,272,283,111.0,15.0,,321,901,0.505,,0.738,18.5,6.4,1.9,2.0
225,Popeye Jones,2001,2002,2,124,2558,282,661,5.0,17.0,147,185,316.0,798,158,69.0,27.0,109.0,304,716,0.427,0.294,0.795,20.6,5.8,6.4,1.3
226,Tyus Jones,2024,2024,1,18,483,83,169,18.0,55.0,9,13,6.0,50,87,16.0,2.0,12.0,16,193,0.491,0.327,0.692,26.8,10.7,2.8,4.8
227,Wali Jones,1965,1965,1,77,1250,154,411,,,99,136,,140,200,,,,196,407,0.375,,0.728,16.2,5.3,1.8,2.6
228,Michael Jordan,2002,2003,2,142,5124,1230,2851,26.0,108.0,529,657,121.0,836,621,208.0,65.0,335.0,290,3015,0.431,0.241,0.805,36.1,21.2,5.9,4.4
229,Reggie Jordan,2000,2000,1,36,243,17,53,0.0,1.0,7,13,16.0,41,32,12.0,2.0,19.0,29,41,0.321,0.0,0.538,6.8,1.1,1.1,0.9
230,Red Kerr,1966,1966,1,71,1770,286,692,,,209,272,,586,225,,,,148,781,0.413,,0.768,24.9,11.0,8.3,3.2
231,Albert King,1992,1992,1,6,59,11,30,2.0,7.0,7,8,1.0,11,5,3.0,0.0,2.0,7,31,0.367,0.286,0.875,9.8,5.2,1.8,0.8
232,Bernard King,1988,1991,4,296,9691,2548,5279,17.0,96.0,1403,1763,462.0,1387,1154,220.0,46.0,941.0,838,6516,0.483,0.177,0.796,32.7,22.0,4.7,3.9
233,Gerard King,2000,2001,2,107,1766,229,453,0.0,0.0,85,111,123.0,379,80,48.0,26.0,88.0,226,543,0.506,,0.766,16.5,5.1,3.5,0.7
234,Maurice King,1963,1963,1,37,954,94,241,,,28,34,,102,142,,,,87,216,0.39,,0.824,25.8,5.8,2.8,3.8
235,Corey Kispert,2022,2024,3,168,4283,587,1236,306.0,792.0,155,183,95.0,461,198,75.0,31.0,122.0,220,1635,0.475,0.386,0.847,25.5,9.7,2.7,1.2
236,Brevin Knight,2004,2004,1,32,598,58,138,1.0,5.0,19,27,11.0,61,102,52.0,0.0,44.0,50,136,0.42,0.2,0.704,18.7,4.3,1.9,3.2
237,Don Kojis,1964,1964,1,78,1148,203,484,,,82,146,,309,57,,,,123,488,0.419,,0.562,14.7,6.3,4.0,0.7
238,Joe Kopicki,1983,1984,2,76,879,87,183,1.0,8.0,112,137,82.0,228,55,24.0,7.0,47.0,92,287,0.475,0.125,0.818,11.6,3.8,3.0,0.7
239,Tom Kozelko,1974,1976,3,189,1911,167,399,,,73,98,121.0,346,99,68.0,16.0,,281,407,0.419,,0.745,10.1,2.2,1.8,0.5
240,Tom Kropp,1976,1976,1,25,72,7,30,,,5,6,5.0,15,8,2.0,0.0,,20,19,0.233,,0.833,2.9,0.8,0.6,0.3
241,Mitch Kupchak,1977,1981,5,337,7261,1562,2956,0.0,3.0,965,1363,727.0,2058,299,117.0,133.0,505.0,785,4089,0.528,,0.708,21.5,12.1,6.1,0.9
242,Kyle Kuzma,2022,2024,3,148,5000,1099,2427,330.0,973.0,380,518,142.0,1133,559,83.0,96.0,400.0,305,2908,0.453,0.339,0.734,33.8,19.6,7.7,3.8
243,Christian Laettner,2001,2004,4,206,5373,654,1362,13.0,57.0,329,392,281.0,1188,532,210.0,112.0,281.0,520,1650,0.48,0.228,0.839,26.1,8.0,5.8,2.6
244,James Lang,2007,2007,1,11,55,4,9,0.0,0.0,3,5,5.0,11,2,0.0,3.0,2.0,14,11,0.444,,0.6,5.0,1.0,1.0,0.2
245,York Larese,1962,1962,1,8,57,10,21,,,5,9,,6,9,,,,8,25,0.476,,0.556,7.1,3.1,0.8,1.1
246,Manny Leaks,1974,1974,1,53,845,79,232,,,58,83,94.0,244,25,10.0,39.0,,95,216,0.341,,0.699,15.9,4.1,4.6,0.5
247,Tim Legler,1996,1999,4,130,2410,302,642,150.0,315.0,144,170,39.0,205,167,53.0,20.0,72.0,215,898,0.47,0.476,0.847,18.5,6.9,1.6,1.3
248,Alex Len,2021,2021,1,57,903,166,268,5.0,19.0,70,110,78.0,249,46,19.0,58.0,47.0,117,407,0.619,0.263,0.636,15.8,7.1,4.4,0.8
249,Slick Leonard,1962,1963,2,102,3343,507,1373,,,338,456,,267,521,,,,270,1352,0.369,,0.741,32.8,13.3,2.6,5.1
250,Cedric Lewis,1996,1996,1,3,4,2,3,0.0,0.0,0,0,2.0,2,0,1.0,0.0,0.0,0,4,0.667,,,1.3,1.3,0.7,0.0
251,Rashard Lewis,2011,2012,2,60,1743,224,533,59.0,191.0,74,88,82.0,293,90,53.0,30.0,84.0,145,581,0.42,0.309,0.841,29.1,9.7,4.9,1.5
252,Steve Lingenfelter,1983,1983,1,7,53,4,6,0.0,0.0,0,4,1.0,12,4,1.0,3.0,5.0,16,8,0.667,,0.0,7.6,1.1,1.7,0.6
253,Shaun Livingston,2010,2013,2,43,986,123,251,0.0,7.0,57,63,14.0,95,154,23.0,11.0,67.0,74,303,0.49,0.0,0.905,22.9,7.0,2.2,3.6
254,Felipe López,2001,2001,1,47,1108,142,326,6.0,29.0,90,123,30.0,160,73,41.0,18.0,56.0,110,380,0.436,0.207,0.732,23.6,8.1,3.4,1.6
255,Robin Lopez,2021,2021,1,71,1354,269,425,5.0,18.0,99,137,141.0,272,55,15.0,44.0,75.0,109,642,0.633,0.278,0.723,19.1,9.0,3.8,0.8
256,Kevin Loughery,1964,1972,9,591,18677,3824,9209,,,2185,2720,,1854,2363,,,,2094,9833,0.415,,0.803,31.6,16.6,3.1,4.0
257,Stan Love,1972,1973,2,146,2322,432,972,,,182,240,,638,98,,,,377,1046,0.444,,0.758,15.9,7.2,4.4,0.7
258,John Lucas,1982,1983,2,114,2326,325,749,2.0,27.0,159,218,48.0,195,653,120.0,7.0,203.0,123,811,0.434,0.074,0.729,20.4,7.1,1.7,5.7
259,Tyronn Lue,2002,2003,2,146,3444,470,1093,123.0,317.0,139,167,36.0,271,509,96.0,1.0,173.0,271,1202,0.43,0.388,0.832,23.6,8.2,1.9,3.5
260,Sheldon Mac,2017,2017,1,30,287,30,75,7.0,30.0,23,27,4.0,34,15,8.0,2.0,5.0,17,90,0.4,0.233,0.852,9.6,3.0,1.1,0.5
261,Shelvin Mack,2012,2013,2,71,920,104,260,16.0,55.0,43,61,15.0,108,154,34.0,2.0,56.0,60,267,0.4,0.291,0.705,13.0,3.8,1.5,2.2
262,Don MacLean,1993,1995,3,176,4213,832,1752,16.0,67.0,522,645,219.0,754,250,73.0,29.0,238.0,348,2202,0.475,0.239,0.809,23.9,12.5,4.3,1.4
263,Ian Mahinmi,2017,2020,4,180,3006,354,673,8.0,44.0,245,377,308.0,808,146,127.0,126.0,200.0,518,961,0.526,0.182,0.65,16.7,5.3,4.5,0.8
264,Rick Mahorn,1981,1985,5,373,11156,1414,2821,0.0,6.0,517,824,706.0,3044,542,285.0,557.0,645.0,1484,3345,0.501,0.0,0.627,29.9,9.0,8.2,1.5
265,Jeff Malone,1984,1990,7,548,17984,4543,9524,58.0,238.0,1939,2231,386.0,1458,1523,358.0,80.0,1029.0,1141,11083,0.477,0.244,0.869,32.8,20.2,2.7,2.8
266,Moses Malone,1987,1988,2,152,5180,1126,2401,2.0,18.0,1113,1381,712.0,1708,232,118.0,164.0,451.0,299,3367,0.469,0.111,0.806,34.1,22.2,11.2,1.5
267,Steve Malovic,1980,1980,1,1,6,0,0,0.0,0.0,1,4,0.0,0,0,1.0,0.0,0.0,0,1,,,0.25,6.0,1.0,0.0,0.0
268,Ed Manning,1968,1970,3,163,1839,273,613,,,100,161,,656,55,,,,306,646,0.445,,0.621,11.3,4.0,4.0,0.3
269,Nick Mantis,1963,1963,1,33,626,86,224,,,24,40,,79,76,,,,81,196,0.384,,0.6,19.0,5.9,2.4,2.3
270,Jack Marin,1967,1972,6,480,14864,3199,6840,,,1619,1932,,2972,1019,,,,1469,8017,0.468,,0.838,31.0,16.7,6.2,2.1
271,Cartier Martin,2010,2013,4,118,1741,244,616,133.0,338.0,67,96,51.0,253,55,51.0,15.0,67.0,157,688,0.396,0.393,0.698,14.8,5.8,2.1,0.5
272,Roger Mason,2007,2012,3,194,2897,428,1037,222.0,583.0,97,114,31.0,244,216,66.0,29.0,120.0,239,1175,0.413,0.381,0.851,14.9,6.1,1.3,1.1
273,Garrison Mathews,2020,2021,2,82,1265,121,293,95.0,244.0,115,129,22.0,111,36,37.0,8.0,18.0,138,452,0.413,0.389,0.891,15.4,5.5,1.4,0.4
274,Wes Matthews,1981,1981,1,45,1161,224,449,5.0,15.0,99,129,30.0,67,199,46.0,10.0,149.0,120,552,0.499,0.333,0.767,25.8,12.3,1.5,4.4
275,Eric Maynor,2014,2014,1,23,215,21,72,8.0,25.0,2,3,7.0,24,40,5.0,1.0,17.0,13,52,0.292,0.32,0.667,9.3,2.3,1.0,1.7
276,Bob McCann,1996,1996,1,62,653,76,153,1.0,2.0,35,74,46.0,143,24,21.0,15.0,42.0,116,188,0.497,0.5,0.473,10.5,3.0,2.3,0.4
277,Andre McCarter,1981,1981,1,43,448,51,135,2.0,8.0,18,24,16.0,39,73,14.0,0.0,24.0,36,122,0.378,0.25,0.75,10.4,2.8,0.9,1.7
278,Keith McCord,1981,1981,1,2,9,2,4,0.0,0.0,0,0,1.0,2,1,0.0,0.0,2.0,0,4,0.5,,,4.5,2.0,1.0,0.5
279,Chris McCullough,2017,2018,2,21,98,18,43,1.0,9.0,10,16,7.0,27,4,1.0,5.0,3.0,8,47,0.419,0.111,0.625,4.7,2.2,1.3,0.2
280,JaVale McGee,2009,2012,4,255,5428,893,1698,0.0,4.0,373,624,558.0,1533,100,115.0,470.0,282.0,627,2159,0.526,0.0,0.598,21.3,8.5,6.0,0.4
281,Bill McGill,1963,1964,2,66,637,192,377,,,89,130,,177,38,,,,123,473,0.509,,0.685,9.7,7.2,2.7,0.6
282,Dominic McGuire,2008,2010,3,190,3007,194,467,3.0,10.0,88,139,183.0,628,246,86.0,103.0,142.0,261,479,0.415,0.3,0.633,15.8,2.5,3.3,1.3
283,Jim McIlvaine,1995,1996,2,135,1729,96,216,0.0,0.0,86,146,106.0,335,21,31.0,226.0,55.0,266,278,0.444,,0.589,12.8,2.1,2.5,0.2
284,Jeff McInnis,1999,1999,1,35,427,50,134,9.0,35.0,21,28,9.0,21,73,19.0,1.0,30.0,36,130,0.373,0.257,0.75,12.2,3.7,0.6,2.1
285,Kevin McKenna,1986,1986,1,30,430,61,166,27.0,75.0,25,30,9.0,36,23,29.0,2.0,18.0,54,174,0.367,0.36,0.833,14.3,5.8,1.2,0.8
286,Stan McKenzie,1968,1968,1,50,653,73,182,,,58,88,,121,24,,,,98,204,0.401,,0.659,13.1,4.1,2.4,0.5
287,Tom McMillen,1984,1986,3,187,3704,605,1266,1.0,14.0,303,370,172.0,522,160,31.0,44.0,148.0,410,1514,0.478,0.071,0.819,19.8,8.1,2.8,0.9
288,Jordan McRae,2019,2020,2,56,987,194,447,50.0,141.0,92,118,23.0,144,112,32.0,22.0,53.0,87,530,0.434,0.355,0.78,17.6,9.5,2.6,2.0
289,Thales McReynolds,1966,1966,1,5,28,1,12,,,1,2,,6,1,,,,0,3,0.083,,0.5,5.6,0.6,1.2,0.2
290,Jodie Meeks,2018,2018,1,77,1119,157,393,72.0,210.0,101,117,15.0,126,70,29.0,4.0,37.0,55,487,0.399,0.343,0.863,14.5,6.3,1.6,0.9
291,C.J. Miles,2020,2020,1,10,161,19,59,11.0,35.0,15,20,4.0,12,12,10.0,4.0,4.0,14,64,0.322,0.314,0.75,16.1,6.4,1.2,1.2
292,Eddie Miles,1970,1971,2,66,1593,259,601,,,121,152,,171,114,,,,127,639,0.431,,0.796,24.1,9.7,2.6,1.7
293,Andre Miller,2014,2015,2,79,1043,117,229,3.0,11.0,53,69,33.0,134,240,33.0,4.0,74.0,99,290,0.511,0.273,0.768,13.2,3.7,1.7,3.0
294,Mike Miller,2010,2010,1,54,1805,217,433,82.0,171.0,70,85,55.0,336,212,39.0,12.0,115.0,131,586,0.501,0.48,0.824,33.4,10.9,6.2,3.9
295,Earl Monroe,1968,1972,5,328,12084,2935,6596,,,1905,2396,,1223,1507,,,,1030,7775,0.445,,0.795,36.8,23.7,3.7,4.6
296,Greg Monroe,2022,2022,1,2,18,4,8,0.0,0.0,0,0,7.0,10,1,1.0,1.0,2.0,2,8,0.5,,,9.0,4.0,5.0,0.5
297,Markieff Morris,2016,2019,4,210,5937,1013,2191,220.0,626.0,384,471,253.0,1234,365,188.0,117.0,348.0,667,2630,0.462,0.351,0.815,28.3,12.5,5.9,1.7
298,Monte Morris,2023,2023,1,62,1695,247,515,78.0,204.0,64,77,26.0,210,326,43.0,13.0,60.0,75,636,0.48,0.382,0.831,27.3,10.3,3.4,5.3
299,Perry Moss,1986,1986,1,12,160,21,53,2.0,7.0,11,15,9.0,25,19,6.0,3.0,18.0,26,55,0.396,0.286,0.733,13.3,4.6,2.1,1.6
300,Lawrence Moten,1998,1998,1,8,27,3,13,0.0,1.0,3,4,1.0,1,3,0.0,0.0,1.0,6,9,0.231,0.0,0.75,3.4,1.1,0.1,0.4
301,Gheorghe Mureșan,1994,1997,4,276,6461,1224,2115,0.0,1.0,467,723,634.0,1889,141,171.0,443.0,429.0,906,2915,0.579,0.0,0.646,23.4,10.6,6.8,0.5
302,Jay Murphy,1987,1988,2,30,187,39,95,0.0,0.0,13,21,21.0,55,6,3.0,2.0,11.0,26,91,0.411,,0.619,6.2,3.0,1.8,0.2
303,Tracy Murray,1997,2000,4,280,6525,1110,2592,410.0,1069.0,471,553,240.0,882,261,202.0,74.0,301.0,567,3101,0.428,0.384,0.852,23.3,11.1,3.2,0.9
304,Dorie Murrey,1971,1972,2,120,1117,120,285,,,90,140,,340,48,,,,222,330,0.421,,0.643,9.3,2.8,2.8,0.4
305,Toure' Murry,2015,2015,1,4,17,2,4,0.0,0.0,2,2,1.0,1,1,1.0,0.0,4.0,2,6,0.5,,1.0,4.3,1.5,0.3,0.3
306,Mike Muscala,2024,2024,1,7,82,8,19,3.0,10.0,4,4,2.0,19,8,1.0,3.0,7.0,7,23,0.421,0.3,1.0,11.7,3.3,2.7,1.1
307,Hamady N'Diaye,2011,2012,2,19,83,4,6,0.0,0.0,6,12,2.0,7,0,2.0,5.0,3.0,18,14,0.667,,0.5,4.4,0.7,0.4,0.0
308,Shabazz Napier,2020,2020,1,20,488,74,173,29.0,81.0,54,65,9.0,48,75,29.0,4.0,52.0,39,231,0.428,0.358,0.831,24.4,11.6,2.4,3.8
309,Gary Neal,2016,2016,1,40,807,151,325,41.0,100.0,47,55,11.0,83,47,20.0,1.0,29.0,55,390,0.465,0.41,0.855,20.2,9.8,2.1,1.2
310,Don Nelson,1963,1963,1,62,1071,129,293,,,161,221,,279,72,,,,136,419,0.44,,0.729,17.3,6.8,4.5,1.2
311,Louie Nelson,1974,1974,1,49,556,93,215,,,53,73,26.0,70,52,31.0,2.0,,62,239,0.433,,0.726,11.3,4.9,1.4,1.1
312,Tyrone Nesby,2001,2002,2,118,2721,332,828,52.0,181.0,131,176,140.0,449,156,102.0,38.0,104.0,291,847,0.401,0.287,0.744,23.1,7.2,3.8,1.3
313,Raul Neto,2021,2022,2,134,2775,413,888,99.0,284.0,158,193,41.0,290,363,128.0,9.0,132.0,213,1083,0.465,0.349,0.819,20.7,8.1,2.2,2.7
314,Andrew Nicholson,2017,2017,1,28,231,30,77,3.0,16.0,7,12,11.0,34,7,11.0,6.0,11.0,37,70,0.39,0.188,0.583,8.3,2.5,1.2,0.3
315,Gaylon Nickerson,1997,1997,1,1,6,1,3,0.0,1.0,0,0,0.0,1,0,1.0,0.0,1.0,0,2,0.333,0.0,,6.0,2.0,1.0,0.0
316,Mel Nowell,1963,1963,1,39,589,92,237,,,48,66,,67,84,,,,86,232,0.388,,0.727,15.1,5.9,1.7,2.2
317,Kendrick Nunn,2023,2023,1,31,436,89,199,38.0,97.0,18,20,10.0,54,56,17.0,4.0,35.0,31,234,0.447,0.392,0.9,14.1,7.5,1.7,1.8
318,Mike O'Koren,1987,1987,1,15,123,16,42,0.0,2.0,0,2,6.0,14,13,2.0,0.0,6.0,10,32,0.381,0.0,0.0,8.2,2.1,0.9,0.9
319,Charles Oakley,2003,2003,1,42,514,23,55,0.0,0.0,28,34,37.0,107,40,13.0,6.0,21.0,90,74,0.418,,0.824,12.2,1.8,2.5,1.0
320,Fabricio Oberto,2010,2010,1,57,650,35,56,0.0,0.0,13,17,34.0,105,51,11.0,9.0,36.0,121,83,0.625,,0.765,11.4,1.5,1.8,0.9
321,Daniel Ochefu,2017,2017,1,19,75,12,27,0.0,0.0,0,2,5.0,22,3,2.0,0.0,3.0,17,24,0.444,,0.0,3.9,1.3,1.2,0.2
322,Alan Ogg,1993,1993,1,3,3,2,4,0.0,0.0,1,2,2.0,4,0,0.0,0.0,0.0,0,5,0.5,,0.5,1.0,1.7,1.3,0.0
323,Don Ohl,1965,1968,4,247,8586,1845,4169,,,990,1320,,918,792,,,,726,4680,0.443,,0.75,34.8,18.9,3.7,3.2
324,Emeka Okafor,2013,2013,1,79,2052,328,687,0.0,0.0,109,191,199.0,692,93,45.0,77.0,107.0,145,765,0.477,,0.571,26.0,9.7,8.8,1.2
325,Brian Oliver,1995,1995,1,6,42,4,9,0.0,0.0,6,8,0.0,4,4,0.0,0.0,3.0,8,14,0.444,,0.75,7.0,2.3,0.7,0.7
326,Jimmy Oliver,1998,1998,1,1,10,2,4,1.0,2.0,0,0,0.0,2,1,0.0,0.0,0.0,1,5,0.5,0.5,,10.0,5.0,2.0,1.0
327,Eugene Omoruyi,2024,2024,1,11,75,23,36,5.0,11.0,12,16,9.0,21,8,5.0,1.0,6.0,10,63,0.639,0.455,0.75,6.8,5.7,1.9,0.7
328,Barry Orms,1969,1969,1,64,916,76,246,,,29,60,,158,49,,,,155,181,0.309,,0.483,14.3,2.8,2.5,0.8
329,Kelly Oubre Jr.,2016,2019,4,252,5262,726,1748,246.0,768.0,365,466,169.0,886,178,187.0,79.0,204.0,600,2063,0.415,0.32,0.783,20.9,8.2,3.5,0.7
330,Doug Overton,1993,1995,3,188,3443,446,1037,57.0,149.0,211,258,70.0,318,495,105.0,9.0,230.0,255,1160,0.43,0.383,0.818,18.3,6.2,1.7,2.6
331,Larry Owens,2011,2011,1,5,112,12,26,5.0,10.0,2,5,1.0,11,7,7.0,5.0,5.0,14,31,0.462,0.5,0.4,22.4,6.2,2.2,1.4
332,Joe Pace,1977,1978,2,79,557,91,195,,,73,122,66.0,168,27,14.0,38.0,44.0,115,255,0.467,,0.598,7.1,3.2,2.1,0.3
333,Robert Pack,1996,1996,1,31,1084,190,444,26.0,98.0,154,182,29.0,132,242,62.0,1.0,114.0,68,560,0.428,0.265,0.846,35.0,18.1,4.3,7.8
334,Gerald Paddio,1994,1994,1,8,74,11,32,0.0,1.0,8,14,5.0,11,7,3.0,0.0,2.0,4,30,0.344,0.0,0.571,9.3,3.8,1.4,0.9
335,Jannero Pargo,2013,2013,1,7,102,8,32,3.0,20.0,2,2,0.0,6,14,0.0,1.0,8.0,8,21,0.25,0.15,1.0,14.6,3.0,0.9,2.0
336,Jabari Parker,2019,2019,1,25,682,149,285,24.0,81.0,52,76,38.0,180,68,23.0,16.0,67.0,58,374,0.523,0.296,0.684,27.3,15.0,7.2,2.7
337,Cherokee Parks,2001,2001,1,13,178,18,38,0.0,0.0,12,17,13.0,40,7,6.0,11.0,10.0,20,48,0.474,,0.706,13.7,3.7,3.1,0.5
338,Anžejs Pasečņiks,2020,2021,2,28,443,61,117,0.0,4.0,34,58,43.0,108,19,9.0,12.0,29.0,77,156,0.521,0.0,0.586,15.8,5.6,3.9,0.7
339,Tom Patterson,1973,1974,2,25,100,21,50,,,14,18,1.0,24,5,0.0,0.0,,18,56,0.42,,0.778,4.0,2.2,1.0,0.2
340,Gary Payton II,2019,2020,2,32,448,53,124,14.0,48.0,4,8,27.0,82,52,36.0,8.0,21.0,56,124,0.427,0.292,0.5,14.0,3.9,2.6,1.6
341,Oleksiy Pecherov,2008,2009,2,67,597,83,226,31.0,103.0,44,60,56.0,142,9,12.0,8.0,27.0,64,241,0.367,0.301,0.733,8.9,3.6,2.1,0.1
342,Anthony Peeler,2005,2005,1,40,529,56,150,25.0,65.0,16,18,14.0,65,57,18.0,2.0,28.0,39,153,0.373,0.385,0.889,13.2,3.8,1.6,1.4
343,Mike Peplowski,1996,1996,1,2,5,0,0,0.0,0.0,0,0,0.0,0,0,0.0,0.0,0.0,4,0,,,,2.5,0.0,0.0,0.0
344,Mel Peterson,1964,1964,1,2,3,1,1,,,0,0,,1,0,,,,2,2,1.0,,,1.5,1.0,0.5,0.0
345,Roger Phegley,1979,1980,2,79,1124,252,551,2.0,5.0,128,149,54.0,137,85,24.0,5.0,87.0,127,634,0.457,,0.859,14.2,8.0,1.7,1.1
346,Paul Pierce,2015,2015,1,73,1914,293,656,118.0,303.0,164,210,45.0,294,144,46.0,24.0,92.0,160,868,0.447,0.389,0.781,26.2,11.9,4.0,2.0
347,Dave Piontek,1962,1962,1,45,614,83,225,,,39,59,,155,31,,,,89,205,0.369,,0.661,13.6,4.6,3.4,0.7
348,Jordan Poole,2024,2024,1,17,498,105,264,34.0,114.0,51,60,9.0,46,59,20.0,7.0,49.0,53,295,0.398,0.298,0.85,29.3,17.4,2.7,3.5
349,Kevin Porter,1973,1983,6,395,10426,1756,3612,3.0,16.0,679,926,196.0,614,2593,426.0,41.0,436.0,1312,4194,0.486,,0.733,26.4,10.6,1.6,6.6
350,Otto Porter Jr.,2014,2019,6,384,10255,1609,3329,488.0,1222.0,415,528,449.0,1906,553,453.0,168.0,295.0,709,4121,0.483,0.399,0.786,26.7,10.7,5.0,1.4
351,Bobby Portis,2019,2019,1,28,768,157,357,48.0,119.0,38,47,63.0,242,43,24.0,12.0,45.0,84,400,0.44,0.403,0.809,27.4,14.3,8.6,1.5
352,Kristaps Porziņģis,2022,2023,2,82,2599,630,1277,166.0,435.0,455,532,152.0,696,224,70.0,125.0,165.0,245,1881,0.493,0.382,0.855,31.7,22.9,8.5,2.7
353,Dominic Pressley,1989,1989,1,10,107,8,25,0.0,0.0,5,9,3.0,14,22,4.0,0.0,11.0,9,21,0.32,,0.556,10.7,2.1,1.4,2.2
354,A.J. Price,2013,2013,1,57,1278,161,413,70.0,200.0,49,62,20.0,114,205,33.0,3.0,64.0,73,441,0.39,0.35,0.79,22.4,7.7,2.0,3.6
355,Brent Price,1993,1996,3,214,3936,493,1139,197.0,499.0,289,346,97.0,421,783,189.0,9.0,357.0,388,1472,0.433,0.395,0.835,18.4,6.9,2.0,3.7
356,Mark Price,1996,1996,1,7,127,18,60,10.0,30.0,10,10,1.0,7,18,6.0,0.0,10.0,7,56,0.3,0.333,1.0,18.1,8.0,1.0,2.6
357,Kevin Pritchard,1996,1996,1,2,22,2,3,1.0,1.0,2,3,0.0,2,7,2.0,0.0,0.0,3,7,0.667,1.0,0.667,11.0,3.5,1.0,3.5
358,Laron Profit,2000,2005,3,110,1258,133,329,18.0,71.0,53,80,44.0,166,151,59.0,20.0,92.0,113,337,0.404,0.254,0.663,11.4,3.1,1.5,1.4
359,Bob Quick,1969,1970,2,43,221,44,101,,,39,62,,37,15,,,,23,127,0.436,,0.629,5.1,3.0,0.9,0.3
360,Peter John Ramos,2005,2005,1,6,20,5,10,0.0,0.0,1,2,1.0,4,0,0.0,1.0,3.0,4,11,0.5,,0.5,3.3,1.8,0.7,0.0
361,Chasson Randle,2019,2019,1,49,743,91,217,46.0,115.0,43,62,10.0,56,97,25.0,3.0,43.0,91,271,0.419,0.4,0.694,15.2,5.5,1.1,2.0
362,Don Reid,2000,2000,1,17,333,44,78,0.0,0.0,21,28,26.0,77,10,19.0,19.0,12.0,73,109,0.564,,0.75,19.6,6.4,4.5,0.6
363,Glen Rice Jr.,2014,2015,2,16,152,14,52,6.0,24.0,9,13,6.0,24,9,6.0,1.0,11.0,18,43,0.269,0.25,0.692,9.5,2.7,1.5,0.6
364,Mitch Richmond,1999,2001,3,161,5525,983,2356,208.0,595.0,692,793,82.0,494,418,217.0,30.0,374.0,398,2866,0.417,0.35,0.873,34.3,17.8,3.1,2.6
365,Rich Rinaldi,1972,1974,3,79,853,161,410,,,71,98,2.0,93,73,3.0,1.0,,72,393,0.393,,0.724,10.8,5.0,1.2,0.9
366,Mike Riordan,1972,1977,6,418,12463,2303,4802,,,579,743,261.0,1409,1154,231.0,35.0,,1052,5185,0.48,,0.779,29.8,12.4,3.4,2.8
367,Austin Rivers,2019,2019,1,29,683,76,194,33.0,106.0,25,46,10.0,71,58,18.0,10.0,36.0,72,210,0.392,0.311,0.543,23.6,7.2,2.4,2.0
368,Anthony Roberts,1981,1981,1,26,350,54,144,0.0,0.0,19,29,18.0,68,20,11.0,0.0,28.0,52,127,0.375,,0.655,13.5,4.9,2.6,0.8
369,Cliff Robinson,1985,1986,2,138,4433,1017,2151,2.0,7.0,427,566,321.0,1226,335,149.0,91.0,367.0,404,2463,0.473,0.286,0.754,32.1,17.8,8.9,2.4
370,Devin Robinson,2018,2019,2,8,108,20,35,0.0,2.0,9,14,8.0,25,6,5.0,6.0,2.0,13,49,0.571,0.0,0.643,13.5,6.1,3.1,0.8
371,Flynn Robinson,1973,1973,1,38,583,119,260,,,26,31,,55,77,,,,60,264,0.458,,0.839,15.3,6.9,1.4,2.0
372,Jerome Robinson,2020,2021,2,38,808,97,269,41.0,128.0,45,58,12.0,107,66,27.0,15.0,42.0,88,280,0.361,0.32,0.776,21.3,7.4,2.8,1.7
373,Justin Robinson,2020,2020,1,9,49,5,12,3.0,5.0,0,0,1.0,5,7,0.0,1.0,3.0,2,13,0.417,0.6,,5.4,1.4,0.6,0.8
374,Larry Robinson,1991,1993,2,16,288,44,107,0.0,2.0,10,17,15.0,31,27,8.0,1.0,12.0,26,98,0.411,0.0,0.588,18.0,6.1,1.9,1.7
375,Truck Robinson,1975,1977,3,199,4378,809,1724,,,399,618,352.0,1224,198,106.0,157.0,,494,2017,0.469,,0.646,22.0,10.1,6.2,1.0
376,Ryan Rollins,2024,2024,1,8,49,9,18,1.0,2.0,13,16,2.0,10,10,8.0,2.0,7.0,6,32,0.5,0.5,0.813,6.1,4.0,1.3,1.3
377,Quinton Ross,2010,2010,1,25,261,17,55,1.0,8.0,3,6,6.0,22,5,6.0,2.0,8.0,35,38,0.309,0.125,0.5,10.4,1.5,0.9,0.2
378,Doug Roth,1990,1990,1,42,412,37,86,0.0,1.0,7,14,44.0,120,20,8.0,13.0,16.0,70,81,0.43,0.0,0.5,9.8,1.9,2.9,0.5
379,Dan Roundfield,1986,1987,2,115,2990,412,880,1.0,11.0,330,434,274.0,812,206,47.0,67.0,236.0,271,1155,0.468,0.091,0.76,26.0,10.0,7.1,1.8
380,Michael Ruffin,2005,2007,3,185,2543,80,194,0.0,3.0,73,160,314.0,665,97,82.0,80.0,94.0,415,233,0.412,0.0,0.456,13.7,1.3,3.6,0.5
381,Jeff Ruland,1982,1986,5,303,10708,2061,3657,3.0,19.0,1528,2127,1045.0,3285,985,240.0,259.0,1176.0,1144,5653,0.564,0.158,0.718,35.3,18.7,10.8,3.3
382,Bryon Russell,2003,2003,1,70,1388,108,306,46.0,140.0,53,69,43.0,208,72,70.0,7.0,55.0,130,315,0.353,0.329,0.768,19.8,4.5,3.0,1.0
383,Ralph Sampson,1992,1992,1,10,108,9,29,0.0,2.0,4,6,11.0,30,4,3.0,8.0,10.0,14,22,0.31,0.0,0.667,10.8,2.2,3.0,0.4
384,Tomáš Satoranský,2017,2022,4,232,4942,559,1145,126.0,322.0,250,314,188.0,656,885,175.0,38.0,264.0,401,1494,0.488,0.391,0.796,21.3,6.4,2.8,3.8
385,Woody Sauldsberry,1962,1963,2,103,3138,561,1539,,,149,224,,831,144,,,,328,1271,0.365,,0.665,30.5,12.3,8.1,1.4
386,DeWayne Scales,1984,1984,1,2,13,3,5,0.0,0.0,0,2,0.0,3,0,1.0,0.0,2.0,1,6,0.6,,0.0,6.5,3.0,1.5,0.0
387,Jordan Schakel,2022,2023,2,6,36,2,13,2.0,7.0,2,2,2.0,8,1,2.0,0.0,1.0,1,8,0.154,0.286,1.0,6.0,1.3,1.3,0.2
388,Admiral Schofield,2020,2020,1,33,368,35,92,19.0,61.0,10,15,7.0,47,15,8.0,4.0,7.0,50,99,0.38,0.311,0.667,11.2,3.0,1.4,0.5
389,Mike Scott,2018,2018,1,76,1406,276,524,66.0,163.0,50,76,50.0,247,80,23.0,10.0,79.0,148,668,0.527,0.405,0.658,18.5,8.8,3.3,1.1
390,Ray Scott,1967,1970,4,263,7454,1339,3186,,,782,1037,,2646,490,,,,694,3460,0.42,,0.754,28.3,13.2,10.1,1.9
391,Kevin Séraphin,2011,2015,5,326,5345,941,1915,0.0,3.0,215,302,430.0,1194,176,73.0,248.0,377.0,770,2097,0.491,0.0,0.712,16.4,6.4,3.7,0.5
392,Ramon Sessions,2015,2018,3,125,2438,367,807,55.0,158.0,315,410,40.0,298,375,69.0,6.0,165.0,145,1104,0.455,0.348,0.768,19.5,8.8,2.4,3.0
393,Tom Sewell,1985,1985,1,21,87,9,36,0.0,2.0,2,4,2.0,4,6,3.0,1.0,7.0,13,20,0.25,0.0,0.5,4.1,1.0,0.2,0.3
394,Mustafa Shakur,2011,2011,1,22,159,21,59,1.0,10.0,8,15,7.0,22,25,5.0,3.0,18.0,15,51,0.356,0.1,0.533,7.2,2.3,1.0,1.1
395,Landry Shamet,2024,2024,1,14,236,43,93,21.0,57.0,5,8,2.0,21,20,9.0,2.0,7.0,27,112,0.462,0.368,0.625,16.9,8.0,1.5,1.4
396,God Shammgod,1998,1998,1,20,146,19,58,0.0,2.0,23,30,2.0,7,36,7.0,1.0,21.0,27,61,0.328,0.0,0.767,7.3,3.1,0.4,1.8
397,Gene Shue,1964,1964,1,47,963,81,276,,,36,61,,94,150,,,,98,198,0.293,,0.59,20.5,4.2,2.0,3.2
398,Bobby Simmons,2002,2003,2,66,721,87,207,4.0,19.0,54,65,58.0,129,37,23.0,8.0,22.0,82,232,0.42,0.211,0.831,10.9,3.5,2.0,0.6
399,Chris Singleton,2012,2014,3,148,2605,233,620,58.0,182.0,88,139,112.0,472,92,117.0,57.0,100.0,325,612,0.376,0.319,0.633,17.6,4.1,3.2,0.6
400,James Singleton,2010,2012,2,44,1028,114,265,4.0,24.0,61,71,116.0,302,37,26.0,44.0,47.0,109,293,0.43,0.167,0.859,23.4,6.7,6.9,0.8
401,Scott Skiles,1995,1995,1,62,2077,265,583,96.0,228.0,179,202,26.0,159,452,70.0,6.0,172.0,135,805,0.455,0.421,0.886,33.5,13.0,2.6,7.3
402,Jeff Slade,1963,1963,1,3,20,2,5,,,0,1,,7,0,,,,3,4,0.4,,0.0,6.7,1.3,2.3,0.0
403,Jerry Sloan,1966,1966,1,59,952,120,289,,,98,139,,230,110,,,,176,338,0.415,,0.705,16.1,5.7,3.9,1.9
404,Clinton Smith,1991,1991,1,5,45,2,4,0.0,0.0,3,6,2.0,4,4,1.0,0.0,1.0,3,7,0.5,,0.5,9.0,1.4,0.8,0.8
405,Ish Smith,2020,2022,3,140,3326,549,1231,95.0,260.0,84,124,66.0,452,652,118.0,56.0,178.0,212,1277,0.446,0.365,0.677,23.8,9.1,3.2,4.7
406,Jason Smith,2017,2019,3,119,1483,234,481,45.0,120.0,64,84,93.0,348,63,25.0,72.0,81.0,233,577,0.486,0.375,0.762,12.5,4.8,2.9,0.5
407,LaBradford Smith,1992,1994,3,124,2302,369,834,10.0,44.0,169,203,61.0,195,290,105.0,11.0,167.0,284,917,0.442,0.227,0.833,18.6,7.4,1.6,2.3
408,Michael Smith,2000,2001,2,125,2755,214,410,0.0,2.0,162,255,293.0,893,157,84.0,60.0,107.0,283,590,0.522,0.0,0.635,22.0,4.7,7.1,1.3
409,Mike Smith,2001,2001,1,17,180,19,59,3.0,18.0,10,16,10.0,22,10,5.0,3.0,7.0,8,51,0.322,0.167,0.625,10.6,3.0,1.3,0.6
410,Ricky Sobers,1983,1984,2,122,4062,742,1649,52.0,166.0,375,449,86.0,281,595,178.0,31.0,369.0,436,1911,0.45,0.313,0.835,33.3,15.7,2.3,4.9
411,Willie Somerset,1966,1966,1,8,98,18,43,,,9,11,,15,9,,,,21,45,0.419,,0.818,12.3,5.6,1.9,1.1
412,Darius Songaila,2007,2009,3,194,3775,575,1149,0.0,5.0,193,217,200.0,632,267,134.0,46.0,203.0,486,1343,0.5,0.0,0.889,19.5,6.9,3.3,1.4
413,Jerry Stackhouse,2003,2004,2,96,3521,619,1522,94.0,310.0,538,621,77.0,352,419,89.0,31.0,281.0,179,1870,0.407,0.303,0.866,36.7,19.5,3.7,4.4
414,Dave Stallworth,1972,1974,3,182,3490,558,1312,,,248,309,52.0,759,270,28.0,4.0,,386,1364,0.425,,0.803,19.2,7.5,4.2,1.5
415,Larry Staverman,1963,1964,2,39,701,100,208,,,53,66,,171,45,,,,101,253,0.481,,0.803,18.0,6.5,4.4,1.2
416,DeShawn Stevenson,2007,2010,4,236,6485,749,1867,278.0,787.0,359,498,110.0,592,612,162.0,41.0,277.0,359,2135,0.401,0.353,0.721,27.5,9.0,2.5,2.6
417,Dennis Stewart,1971,1971,1,2,6,1,4,,,2,2,,3,1,,,,0,4,0.25,,1.0,3.0,2.0,1.5,0.5
418,Larry Stewart,1992,1995,4,200,4433,653,1251,0.0,7.0,399,526,369.0,906,286,116.0,83.0,283.0,472,1705,0.522,0.0,0.759,22.2,8.5,4.5,1.4
419,Awvee Storey,2006,2006,1,25,116,16,41,3.0,7.0,8,14,8.0,22,4,3.0,1.0,5.0,22,43,0.39,0.429,0.571,4.6,1.7,0.9,0.2
420,Rod Strickland,1997,2001,5,304,10857,1724,3931,42.0,204.0,1229,1677,361.0,1316,2712,482.0,66.0,948.0,641,4719,0.439,0.206,0.733,35.7,15.5,4.3,8.9
421,Roger Strickland,1964,1964,1,1,4,1,3,,,0,0,,0,0,,,,1,2,0.333,,,4.0,2.0,0.0,0.0
422,Derek Strong,1992,1992,1,1,12,0,4,0.0,0.0,3,4,1.0,5,1,0.0,0.0,1.0,1,3,0.0,,0.75,12.0,3.0,5.0,1.0
423,Craig Sword,2022,2022,1,3,19,3,4,0.0,1.0,0,0,0.0,0,1,4.0,0.0,1.0,7,6,0.75,0.0,,6.3,2.0,0.0,0.3
424,Donell Taylor,2006,2007,2,98,834,109,276,7.0,34.0,41,64,30.0,106,90,47.0,7.0,59.0,81,266,0.395,0.206,0.641,8.5,2.7,1.1,0.9
425,Garrett Temple,2013,2016,4,258,4480,425,1074,154.0,455.0,182,253,110.0,493,383,196.0,55.0,201.0,437,1186,0.396,0.338,0.719,17.4,4.6,1.9,1.5
426,Carlos Terry,1981,1983,3,94,1078,122,281,0.0,11.0,41,61,75.0,227,124,54.0,27.0,82.0,162,285,0.434,0.0,0.672,11.5,3.0,2.4,1.3
427,Billy Thomas,2006,2006,1,17,131,13,40,10.0,30.0,2,2,5.0,14,9,10.0,1.0,6.0,19,38,0.325,0.333,1.0,7.7,2.2,0.8,0.5
428,Etan Thomas,2002,2009,7,373,6681,849,1645,0.0,0.0,536,893,653.0,1840,146,123.0,407.0,362.0,839,2234,0.516,,0.6,17.9,6.0,4.9,0.4
429,Isaiah Thomas,2020,2020,1,40,925,174,426,78.0,189.0,62,76,11.0,68,146,13.0,6.0,77.0,77,488,0.408,0.413,0.816,23.1,12.2,1.7,3.7
430,Rod Thorn,1964,1964,1,75,2594,411,1015,,,258,353,,360,281,,,,187,1080,0.405,,0.731,34.6,14.4,4.8,3.7
431,Al Thornton,2010,2011,2,73,1743,254,543,10.0,42.0,131,179,77.0,258,80,48.0,22.0,80.0,165,649,0.468,0.238,0.732,23.9,8.9,3.5,1.1
432,Bob Thornton,1996,1996,1,7,31,1,6,0.0,0.0,1,2,6.0,12,0,1.0,0.0,1.0,7,3,0.167,,0.5,4.4,0.4,1.7,0.0
433,Marcus Thornton,2016,2017,2,47,799,126,317,46.0,134.0,39,48,29.0,111,60,32.0,4.0,36.0,65,337,0.397,0.343,0.813,17.0,7.2,2.4,1.3
434,Otis Thorpe,1999,1999,1,49,1539,240,440,0.0,2.0,74,106,96.0,334,101,42.0,19.0,88.0,196,554,0.545,0.0,0.698,31.4,11.3,6.8,2.1
435,Isaiah Todd,2022,2023,2,18,135,10,45,5.0,26.0,4,8,5.0,24,8,5.0,2.0,6.0,8,29,0.222,0.192,0.5,7.5,1.6,1.3,0.4
436,John Tresvant,1971,1973,3,187,3219,431,943,,,301,402,,838,192,,,,461,1163,0.457,,0.749,17.2,6.2,4.5,1.0
437,Al Tucker,1970,1971,2,59,538,101,211,,,58,73,,126,14,,,,67,260,0.479,,0.795,9.1,4.4,2.1,0.2
438,Anthony Tucker,1995,1995,1,62,982,96,210,0.0,1.0,51,83,44.0,170,68,46.0,11.0,56.0,129,243,0.457,0.0,0.614,15.8,3.9,2.7,1.1
439,Ronny Turiaf,2012,2012,1,4,58,3,3,0.0,0.0,0,0,1.0,12,5,6.0,3.0,6.0,7,6,1.0,,,14.5,1.5,3.0,1.3
440,Andre Turner,1992,1992,1,70,871,111,261,1.0,16.0,61,77,17.0,90,177,57.0,2.0,84.0,59,284,0.425,0.063,0.792,12.4,4.1,1.3,2.5
441,Jack Turner,1962,1962,1,42,567,84,221,,,32,42,,85,44,,,,51,200,0.38,,0.762,13.5,4.8,2.0,1.0
442,Melvin Turpin,1990,1990,1,59,818,110,209,0.0,2.0,56,71,88.0,221,27,15.0,47.0,45.0,135,276,0.526,0.0,0.789,13.9,4.7,3.7,0.5
443,Charlie Tyra,1962,1962,1,78,1606,193,534,,,133,214,,610,86,,,,210,519,0.361,,0.621,20.6,6.7,7.8,1.1
444,Edwin Ubiles,2012,2012,1,4,52,5,18,1.0,5.0,3,3,2.0,10,1,1.0,1.0,1.0,1,14,0.278,0.2,1.0,13.0,3.5,2.5,0.3
445,Wes Unseld,1969,1981,13,984,35832,4369,8586,3.0,6.0,1883,2976,2085.0,13769,3822,628.0,367.0,579.0,2762,10624,0.509,,0.633,36.4,10.8,14.0,3.9
446,Jarrod Uthoff,2020,2020,1,3,39,6,11,3.0,5.0,0,0,1.0,5,0,0.0,0.0,0.0,1,15,0.545,0.6,,13.0,5.0,1.7,0.0
447,David Vanterpool,2001,2001,1,22,411,46,110,0.0,6.0,30,50,15.0,37,66,23.0,3.0,37.0,44,122,0.418,0.0,0.6,18.7,5.5,1.7,3.0
448,Loy Vaught,2001,2001,1,14,157,25,48,0.0,0.0,4,4,16.0,50,7,6.0,2.0,8.0,13,54,0.521,,1.0,11.2,3.9,3.6,0.5
449,Jan Veselý,2012,2014,3,141,2149,222,424,0.0,2.0,53,131,197.0,484,85,80.0,68.0,109.0,327,497,0.524,0.0,0.405,15.2,3.5,3.4,0.6
450,Jay Vincent,1987,1987,1,51,1386,274,613,0.0,3.0,130,169,69.0,210,85,40.0,17.0,77.0,127,678,0.447,0.0,0.769,27.2,13.3,4.1,1.7
451,Moritz Wagner,2020,2021,2,70,1210,207,388,38.0,122.0,119,147,69.0,292,88,50.0,27.0,87.0,214,571,0.534,0.311,0.81,17.3,8.2,4.2,1.3
452,Darrell Walker,1988,1991,4,283,8693,946,2203,2.0,45.0,455,644,491.0,1846,1707,434.0,96.0,580.0,739,2349,0.429,0.044,0.707,30.7,8.3,6.5,6.0
453,Horace Walker,1962,1962,1,65,1331,149,439,,,140,193,,466,69,,,,194,438,0.339,,0.725,20.5,6.7,7.2,1.1
454,Kenny Walker,1994,1995,2,97,1663,150,316,0.0,3.0,108,153,137.0,336,40,31.0,64.0,59.0,198,408,0.475,0.0,0.706,17.1,4.2,3.5,0.4
455,Phil Walker,1978,1978,1,40,384,57,161,,,64,96,21.0,52,54,14.0,5.0,62.0,39,178,0.354,,0.667,9.6,4.5,1.3,1.4
456,Samaki Walker,2005,2005,1,14,134,11,31,0.0,0.0,2,3,8.0,18,4,3.0,7.0,8.0,25,24,0.355,,0.667,9.6,1.7,1.3,0.3
457,John Wall,2011,2019,9,573,20545,3942,9107,539.0,1663.0,2456,3144,330.0,2483,5282,976.0,396.0,2191.0,1289,10879,0.433,0.324,0.781,35.9,19.0,4.3,9.2
458,Ben Wallace,1997,1999,3,147,2552,216,409,0.0,0.0,88,250,274.0,766,38,119.0,173.0,82.0,254,520,0.528,,0.352,17.4,3.5,5.2,0.3
459,Rasheed Wallace,1996,1996,1,65,1788,275,565,27.0,82.0,78,120,93.0,303,85,42.0,54.0,103.0,206,655,0.487,0.329,0.65,27.5,10.1,4.7,1.3
460,Brad Wanamaker,2022,2022,1,1,27,2,5,0.0,0.0,3,3,0.0,4,7,2.0,0.0,0.0,3,7,0.4,,1.0,27.0,7.0,4.0,7.0
461,Ben Warley,1966,1967,2,118,1804,240,593,,,198,267,,540,76,,,,304,678,0.405,,0.742,15.3,5.7,4.6,0.6
462,Bryan Warrick,1983,1984,2,75,981,92,237,1.0,8.0,50,73,20.0,91,169,30.0,11.0,91.0,140,235,0.388,0.125,0.685,13.1,3.1,1.2,2.3
463,Stan Washington,1975,1975,1,1,4,0,1,,,0,0,0.0,0,0,0.0,0.0,,1,0,0.0,,,4.0,0.0,0.0,0.0
464,Tremont Waters,2022,2022,1,1,8,1,2,0.0,0.0,0,0,0.0,0,0,1.0,0.0,0.0,2,2,0.5,,,8.0,2.0,0.0,0.0
465,Nick Weatherspoon,1974,1977,4,222,3798,700,1579,,,300,422,361.0,1041,146,162.0,58.0,,582,1700,0.443,,0.711,17.1,7.7,4.7,0.7
466,Chris Webber,1995,1998,4,212,8240,1865,3722,180.0,535.0,531,948,651.0,2049,935,343.0,355.0,631.0,764,4441,0.501,0.336,0.56,38.9,20.9,9.7,4.4
467,Jeff Webster,1996,1996,1,11,58,8,23,2.0,6.0,0,0,2.0,7,3,4.0,0.0,3.0,7,18,0.348,0.333,,5.3,1.6,0.6,0.3
468,Martell Webster,2013,2015,3,186,4709,559,1314,295.0,744.0,321,387,101.0,562,257,97.0,33.0,170.0,340,1734,0.425,0.397,0.829,25.3,9.3,3.0,1.4
469,Bob Weiss,1977,1977,1,62,768,62,133,,,29,37,15.0,69,130,53.0,7.0,,66,153,0.466,,0.784,12.4,2.5,1.1,2.1
470,Ralph Wells,1963,1963,1,3,48,1,7,,,0,7,,6,7,,,,6,2,0.143,,0.0,16.0,0.7,2.0,2.3
471,Walt Wesley,1974,1974,1,39,400,71,151,,,26,43,63.0,136,14,9.0,20.0,,74,168,0.47,,0.605,10.3,4.3,3.5,0.4
472,Roland West,1968,1968,1,4,14,2,5,,,0,0,,5,0,,,,3,4,0.4,,,3.5,1.0,1.3,0.0
473,Russell Westbrook,2021,2021,1,65,2369,544,1238,86.0,273.0,271,413,109.0,750,763,89.0,23.0,312.0,190,1445,0.439,0.315,0.656,36.4,22.2,11.5,11.7
474,Ennis Whatley,1986,1987,2,77,1843,251,529,0.0,2.0,127,168,60.0,201,399,92.0,11.0,138.0,173,629,0.474,0.0,0.756,23.9,8.2,2.6,5.2
475,Jahidi White,1999,2004,6,256,4917,623,1223,0.0,1.0,405,737,599.0,1649,55,92.0,293.0,321.0,680,1651,0.509,0.0,0.55,19.2,6.4,6.4,0.2
476,Okaro White,2019,2019,1,3,6,0,2,0.0,2.0,0,0,1.0,2,0,0.0,0.0,0.0,0,0,0.0,0.0,,2.0,0.0,0.7,0.0
477,Chris Whitney,1996,2004,8,463,8482,1064,2632,489.0,1315.0,652,742,85.0,706,1387,307.0,29.0,493.0,805,3269,0.404,0.372,0.879,18.3,7.1,1.5,3.0
478,Mike Wilks,2008,2008,1,4,44,2,4,1.0,2.0,0,0,1.0,6,3,3.0,0.0,1.0,2,5,0.5,0.5,,11.0,1.3,1.5,0.8
479,Aaron Williams,2000,2000,1,81,1545,235,450,0.0,3.0,146,201,159.0,409,58,41.0,92.0,80.0,234,616,0.522,0.0,0.726,19.1,7.6,5.0,0.7
480,Freeman Williams,1986,1986,1,9,110,25,67,7.0,14.0,12,17,4.0,12,7,7.0,1.0,13.0,10,69,0.373,0.5,0.706,12.2,7.7,1.3,0.8
481,Gus Williams,1985,1986,2,156,5244,1072,2496,81.0,292.0,389,534,124.0,361,1061,274.0,47.0,373.0,272,2614,0.429,0.277,0.728,33.6,16.8,2.3,6.8
482,Guy Williams,1985,1985,1,21,119,29,63,1.0,4.0,2,5,15.0,27,9,5.0,2.0,8.0,17,61,0.46,0.25,0.4,5.7,2.9,1.3,0.4
483,John Williams,1987,1991,5,293,8187,1442,3141,44.0,204.0,695,950,484.0,1696,996,448.0,149.0,535.0,699,3623,0.459,0.216,0.732,27.9,12.4,5.8,3.4
484,Johnathan Williams,2020,2020,1,15,180,19,34,0.0,2.0,7,13,24.0,64,8,1.0,8.0,5.0,16,45,0.559,0.0,0.538,12.0,3.0,4.3,0.5
485,Lorenzo Williams,1997,2000,3,41,451,40,57,0.0,0.0,5,9,56.0,120,8,11.0,17.0,23.0,79,85,0.702,,0.556,11.0,2.1,2.9,0.2
486,John Williamson,1980,1981,2,39,715,171,412,4.0,22.0,45,56,14.0,52,56,14.0,11.0,61.0,79,391,0.415,0.182,0.804,18.3,10.0,1.3,1.4
487,Michael Wilson,1984,1984,1,6,26,0,2,0.0,1.0,1,2,1.0,1,3,0.0,0.0,3.0,5,1,0.0,0.0,0.5,4.3,0.2,0.2,0.5
488,David Wingate,1992,1992,1,81,2127,266,572,1.0,18.0,105,146,80.0,269,247,123.0,21.0,124.0,162,638,0.465,0.056,0.719,26.3,7.9,3.3,3.0
489,Cassius Winston,2021,2022,2,29,137,18,44,10.0,23.0,9,10,0.0,10,19,2.0,1.0,8.0,17,55,0.409,0.435,0.9,4.7,1.9,0.3,0.7
490,Garry Witts,1982,1982,1,46,493,49,84,1.0,2.0,33,40,29.0,62,38,17.0,4.0,35.0,74,132,0.583,0.5,0.825,10.7,2.9,1.3,0.8
491,Leon Wood,1986,1986,1,39,743,127,330,28.0,85.0,96,121,16.0,63,107,20.0,0.0,67.0,46,378,0.385,0.329,0.793,19.1,9.7,1.6,2.7
492,Haywoode Workman,1991,1991,1,73,2034,234,515,12.0,50.0,101,133,51.0,242,353,87.0,7.0,135.0,162,581,0.454,0.24,0.759,27.9,8.0,3.3,4.8
493,Tom Workman,1968,1969,2,22,96,22,56,,,10,16,,28,2,,,,19,54,0.393,,0.625,4.4,2.5,1.3,0.1
494,Delon Wright,2023,2024,2,58,1362,149,321,45.0,130.0,66,76,61.0,200,229,105.0,18.0,48.0,65,409,0.464,0.346,0.868,23.5,7.1,3.4,3.9
495,Larry Wright,1977,1980,4,297,5831,1050,2254,4.0,16.0,385,498,151.0,462,1012,241.0,51.0,361.0,675,2489,0.466,,0.773,19.6,8.4,1.6,3.4
496,Nick Young,2008,2012,5,335,7661,1431,3318,343.0,902.0,667,805,120.0,638,327,177.0,63.0,391.0,651,3872,0.431,0.38,0.829,22.9,11.6,1.9,1.0
497,Gary Zeller,1971,1972,2,78,697,117,344,,,37,63,,92,37,,,,105,271,0.34,,0.587,8.9,3.5,1.2,0.5
